Workbook

Sheet 2026
A1: Week 1 | C1: Austin | D1: Carson | E1: Clayton | F1: Dan | G1: Hunter | H1: Jake | I1: Nick | J1: Tanner | K1: Taylon | L1: Trey | O1: Parlay
A3: Pick | N3: Odds | O3: =IF(AND(C4="",AND(D4="",AND(E4="",AND(F4="",AND(G4="",AND(H4="",AND(I4="",AND(J4="",AND(K4="",L4=""))))))))),"",IF(((IF(C4="",1,IF(C4>0,(C4/100)+1,(100/((-1)*C4))+1)))*(IF(D4="",1,IF(D4>0,(D4/100)+1,(100/((-1)*D4))+1)))*(IF(E4="",1,IF(E4>0,(E4/100)+1,(100/((-1)*E4))+1)))*(IF(F4="",1,IF(F4>0,(F4/100)+1,(100/((-1)*F4))+1)))*(IF(G4="",1,IF(G4>0,(G4/100)+1,(100/((-1)*G4))+1)))*(IF(H4="",1,IF(H4>0,(H4/100)+1,(100/((-1)*H4))+1)))*(IF(I4="",1,IF(I4>0,(I4/100)+1,(100/((-1)*I4))+1)))*(IF(J4="",1,IF(J4>0,(J4/100)+1,(100/((-1)*J4))+1)))*(IF(K4="",1,IF(K4>0,(K4/100)+1,(100/((-1)*K4))+1)))*(IF(L4="",1,IF(L4>0,(L4/100)+1,(100/((-1)*L4))+1))))<2,((-100)/(((IF(C4="",1,IF(C4>0,(C4/100)+1,(100/((-1)*C4))+1)))*(IF(D4="",1,IF(D4>0,(D4/100)+1,(100/((-1)*D4))+1)))*(IF(E4="",1,IF(E4>0,(E4/100)+1,(100/((-1)*E4))+1)))*(IF(F4="",1,IF(F4>0,(F4/100)+1,(100/((-1)*F4))+1)))*(IF(G4="",1,IF(G4>0,(G4/100)+1,(100/((-1)*G4))+1)))*(IF(H4="",1,IF(H4>0,(H4/100)+1,(100/((-1)*H4))+1)))*(IF(I4="",1,IF(I4>0,(I4/100)+1,(100/((-1)*I4))+1)))*(IF(J4="",1,IF(J4>0,(J4/100)+1,(100/((-1)*J4))+1)))*(IF(K4="",1,IF(K4>0,(K4/100)+1,(100/((-1)*K4))+1)))*(IF(L4="",1,IF(L4>0,(L4/100)+1,(100/((-1)*L4))+1))))-1)),((((IF(C4="",1,IF(C4>0,(C4/100)+1,(100/((-1)*C4))+1)))*(IF(D4="",1,IF(D4>0,(D4/100)+1,(100/((-1)*D4))+1)))*(IF(E4="",1,IF(E4>0,(E4/100)+1,(100/((-1)*E4))+1)))*(IF(F4="",1,IF(F4>0,(F4/100)+1,(100/((-1)*F4))+1)))*(IF(G4="",1,IF(G4>0,(G4/100)+1,(100/((-1)*G4))+1)))*(IF(H4="",1,IF(H4>0,(H4/100)+1,(100/((-1)*H4))+1)))*(IF(I4="",1,IF(I4>0,(I4/100)+1,(100/((-1)*I4))+1)))*(IF(J4="",1,IF(J4>0,(J4/100)+1,(100/((-1)*J4))+1)))*(IF(K4="",1,IF(K4>0,(K4/100)+1,(100/((-1)*K4))+1)))*(IF(L4="",1,IF(L4>0,(L4/100)+1,(100/((-1)*L4))+1))))-1)*(100)))) | Q3: *Pick Made For Me*
A4: Odds | N4: Return | O4: =IF(AND(C4="",AND(D4="",AND(E4="",AND(F4="",AND(G4="",AND(H4="",AND(I4="",AND(J4="",AND(K4="",L4=""))))))))),"",10+IF((IF(((IF(C4="",1,IF(C4>0,(C4/100)+1,(100/((-1)*C4))+1)))*(IF(D4="",1,IF(D4>0,(D4/100)+1,(100/((-1)*D4))+1)))*(IF(E4="",1,IF(E4>0,(E4/100)+1,(100/((-1)*E4))+1)))*(IF(F4="",1,IF(F4>0,(F4/100)+1,(100/((-1)*F4))+1)))*(IF(G4="",1,IF(G4>0,(G4/100)+1,(100/((-1)*G4))+1)))*(IF(H4="",1,IF(H4>0,(H4/100)+1,(100/((-1)*H4))+1)))*(IF(I4="",1,IF(I4>0,(I4/100)+1,(100/((-1)*I4))+1)))*(IF(J4="",1,IF(J4>0,(J4/100)+1,(100/((-1)*J4))+1)))*(IF(K4="",1,IF(K4>0,(K4/100)+1,(100/((-1)*K4))+1)))*(IF(L4="",1,IF(L4>0,(L4/100)+1,(100/((-1)*L4))+1))))<2,((-100)/(((IF(C4="",1,IF(C4>0,(C4/100)+1,(100/((-1)*C4))+1)))*(IF(D4="",1,IF(D4>0,(D4/100)+1,(100/((-1)*D4))+1)))*(IF(E4="",1,IF(E4>0,(E4/100)+1,(100/((-1)*E4))+1)))*(IF(F4="",1,IF(F4>0,(F4/100)+1,(100/((-1)*F4))+1)))*(IF(G4="",1,IF(G4>0,(G4/100)+1,(100/((-1)*G4))+1)))*(IF(H4="",1,IF(H4>0,(H4/100)+1,(100/((-1)*H4))+1)))*(IF(I4="",1,IF(I4>0,(I4/100)+1,(100/((-1)*I4))+1)))*(IF(J4="",1,IF(J4>0,(J4/100)+1,(100/((-1)*J4))+1)))*(IF(K4="",1,IF(K4>0,(K4/100)+1,(100/((-1)*K4))+1)))*(IF(L4="",1,IF(L4>0,(L4/100)+1,(100/((-1)*L4))+1))))-1)),((((IF(C4="",1,IF(C4>0,(C4/100)+1,(100/((-1)*C4))+1)))*(IF(D4="",1,IF(D4>0,(D4/100)+1,(100/((-1)*D4))+1)))*(IF(E4="",1,IF(E4>0,(E4/100)+1,(100/((-1)*E4))+1)))*(IF(F4="",1,IF(F4>0,(F4/100)+1,(100/((-1)*F4))+1)))*(IF(G4="",1,IF(G4>0,(G4/100)+1,(100/((-1)*G4))+1)))*(IF(H4="",1,IF(H4>0,(H4/100)+1,(100/((-1)*H4))+1)))*(IF(I4="",1,IF(I4>0,(I4/100)+1,(100/((-1)*I4))+1)))*(IF(J4="",1,IF(J4>0,(J4/100)+1,(100/((-1)*J4))+1)))*(IF(K4="",1,IF(K4>0,(K4/100)+1,(100/((-1)*K4))+1)))*(IF(L4="",1,IF(L4>0,(L4/100)+1,(100/((-1)*L4))+1))))-1)*(100))))<0,(((-100)/((IF(((IF(C4="",1,IF(C4>0,(C4/100)+1,(100/((-1)*C4))+1)))*(IF(D4="",1,IF(D4>0,(D4/100)+1,(100/((-1)*D4))+1)))*(IF(E4="",1,IF(E4>0,(E4/100)+1,(100/((-1)*E4))+1)))*(IF(F4="",1,IF(F4>0,(F4/100)+1,(100/((-1)*F4))+1)))*(IF(G4="",1,IF(G4>0,(G4/100)+1,(100/((-1)*G4))+1)))*(IF(H4="",1,IF(H4>0,(H4/100)+1,(100/((-1)*H4))+1)))*(IF(I4="",1,IF(I4>0,(I4/100)+1,(100/((-1)*I4))+1)))*(IF(J4="",1,IF(J4>0,(J4/100)+1,(100/((-1)*J4))+1)))*(IF(K4="",1,IF(K4>0,(K4/100)+1,(100/((-1)*K4))+1)))*(IF(L4="",1,IF(L4>0,(L4/100)+1,(100/((-1)*L4))+1))))<2,((-100)/(((IF(C4="",1,IF(C4>0,(C4/100)+1,(100/((-1)*C4))+1)))*(IF(D4="",1,IF(D4>0,(D4/100)+1,(100/((-1)*D4))+1)))*(IF(E4="",1,IF(E4>0,(E4/100)+1,(100/((-1)*E4))+1)))*(IF(F4="",1,IF(F4>0,(F4/100)+1,(100/((-1)*F4))+1)))*(IF(G4="",1,IF(G4>0,(G4/100)+1,(100/((-1)*G4))+1)))*(IF(H4="",1,IF(H4>0,(H4/100)+1,(100/((-1)*H4))+1)))*(IF(I4="",1,IF(I4>0,(I4/100)+1,(100/((-1)*I4))+1)))*(IF(J4="",1,IF(J4>0,(J4/100)+1,(100/((-1)*J4))+1)))*(IF(K4="",1,IF(K4>0,(K4/100)+1,(100/((-1)*K4))+1)))*(IF(L4="",1,IF(L4>0,(L4/100)+1,(100/((-1)*L4))+1))))-1)),((((IF(C4="",1,IF(C4>0,(C4/100)+1,(100/((-1)*C4))+1)))*(IF(D4="",1,IF(D4>0,(D4/100)+1,(100/((-1)*D4))+1)))*(IF(E4="",1,IF(E4>0,(E4/100)+1,(100/((-1)*E4))+1)))*(IF(F4="",1,IF(F4>0,(F4/100)+1,(100/((-1)*F4))+1)))*(IF(G4="",1,IF(G4>0,(G4/100)+1,(100/((-1)*G4))+1)))*(IF(H4="",1,IF(H4>0,(H4/100)+1,(100/((-1)*H4))+1)))*(IF(I4="",1,IF(I4>0,(I4/100)+1,(100/((-1)*I4))+1)))*(IF(J4="",1,IF(J4>0,(J4/100)+1,(100/((-1)*J4))+1)))*(IF(K4="",1,IF(K4>0,(K4/100)+1,(100/((-1)*K4))+1)))*(IF(L4="",1,IF(L4>0,(L4/100)+1,(100/((-1)*L4))+1))))-1)*(100))))))*10),(((IF(((IF(C4="",1,IF(C4>0,(C4/100)+1,(100/((-1)*C4))+1)))*(IF(D4="",1,IF(D4>0,(D4/100)+1,(100/((-1)*D4))+1)))*(IF(E4="",1,IF(E4>0,(E4/100)+1,(100/((-1)*E4))+1)))*(IF(F4="",1,IF(F4>0,(F4/100)+1,(100/((-1)*F4))+1)))*(IF(G4="",1,IF(G4>0,(G4/100)+1,(100/((-1)*G4))+1)))*(IF(H4="",1,IF(H4>0,(H4/100)+1,(100/((-1)*H4))+1)))*(IF(I4="",1,IF(I4>0,(I4/100)+1,(100/((-1)*I4))+1)))*(IF(J4="",1,IF(J4>0,(J4/100)+1,(100/((-1)*J4))+1)))*(IF(K4="",1,IF(K4>0,(K4/100)+1,(100/((-1)*K4))+1)))*(IF(L4="",1,IF(L4>0,(L4/100)+1,(100/((-1)*L4))+1))))<2,((-100)/(((IF(C4="",1,IF(C4>0,(C4/100)+1,(100/((-1)*C4))+1)))*(IF(D4="",1,IF(D4>0,(D4/100)+1,(100/((-1)*D4))+1)))*(IF(E4="",1,IF(E4>0,(E4/100)+1,(100/((-1)*E4))+1)))*(IF(F4="",1,IF(F4>0,(F4/100)+1,(100/((-1)*F4))+1)))*(IF(G4="",1,IF(G4>0,(G4/100)+1,(100/((-1)*G4))+1)))*(IF(H4="",1,IF(H4>0,(H4/100)+1,(100/((-1)*H4))+1)))*(IF(I4="",1,IF(I4>0,(I4/100)+1,(100/((-1)*I4))+1)))*(IF(J4="",1,IF(J4>0,(J4/100)+1,(100/((-1)*J4))+1)))*(IF(K4="",1,IF(K4>0,(K4/100)+1,(100/((-1)*K4))+1)))*(IF(L4="",1,IF(L4>0,(L4/100)+1,(100/((-1)*L4))+1))))-1)),((((IF(C4="",1,IF(C4>0,(C4/100)+1,(100/((-1)*C4))+1)))*(IF(D4="",1,IF(D4>0,(D4/100)+1,(100/((-1)*D4))+1)))*(IF(E4="",1,IF(E4>0,(E4/100)+1,(100/((-1)*E4))+1)))*(IF(F4="",1,IF(F4>0,(F4/100)+1,(100/((-1)*F4))+1)))*(IF(G4="",1,IF(G4>0,(G4/100)+1,(100/((-1)*G4))+1)))*(IF(H4="",1,IF(H4>0,(H4/100)+1,(100/((-1)*H4))+1)))*(IF(I4="",1,IF(I4>0,(I4/100)+1,(100/((-1)*I4))+1)))*(IF(J4="",1,IF(J4>0,(J4/100)+1,(100/((-1)*J4))+1)))*(IF(K4="",1,IF(K4>0,(K4/100)+1,(100/((-1)*K4))+1)))*(IF(L4="",1,IF(L4>0,(L4/100)+1,(100/((-1)*L4))+1))))-1)*(100))))/100)*10)))
A5: Matchup
A6: Outcome | O6: This Week | P6: Cumulative
A7: W/L | N7: Best Handicapper | O7: =IFERROR(__xludf.DUMMYFUNCTION("IF(OR(COUNTA(C4:L4) = 0, COUNTA(C7:L7) = 0), """", IFERROR(TEXTJOIN("", "", TRUE, FILTER(C1:L1, (C7:L7 = ""W"") * (C4:L4 = MAX(FILTER(C4:L4, C7:L7 = ""W""))))), """"))"),"") | P7: =IFERROR(__xludf.DUMMYFUNCTION("IF(COUNTA(C12:L12) = 0, """", IFERROR(TEXTJOIN("", "", TRUE, FILTER(C1:L1, C12:L12 = MAX(C12:L12))), """"))"),"")
A8: Wins | C8: =IF(C7="","",COUNTIF(C7,"W")) | D8: =IF(D7="","",COUNTIF(D7,"W")) | E8: =IF(E7="","",COUNTIF(E7,"W")) | F8: =IF(F7="","",COUNTIF(F7,"W")) | G8: =IF(G7="","",COUNTIF(G7,"W")) | H8: =IF(H7="","",COUNTIF(H7,"W")) | I8: =IF(I7="","",COUNTIF(I7,"W")) | J8: =IF(J7="","",COUNTIF(J7,"W")) | ... L8: =IF(L7="","",COUNTIF(L7,"W")) | N8: Worst Handicapper | O8: =IFERROR(__xludf.DUMMYFUNCTION("IF(OR(COUNTA(C4:L4) = 0, COUNTA(C7:L7) = 0), """", IFERROR(TEXTJOIN("", "", TRUE, FILTER(C1:L1, (C7:L7 = ""L"") * (C4:L4 = MIN(FILTER(C4:L4, C7:L7 = ""L""))))), """"))"),"") | P8: =IFERROR(__xludf.DUMMYFUNCTION("IF(COUNTA(C12:L12) = 0, """", IFERROR(TEXTJOIN("", "", TRUE, FILTER(C1:L1, C12:L12 = MIN(C12:L12))), """"))"),"")
A9: Losses | C9: =IF(C7="","",COUNTIF(C7,"L")) | D9: =IF(D7="","",COUNTIF(D7,"L")) | E9: =IF(E7="","",COUNTIF(E7,"L")) | F9: =IF(F7="","",COUNTIF(F7,"L")) | G9: =IF(G7="","",COUNTIF(G7,"L")) | H9: =IF(H7="","",COUNTIF(H7,"L")) | I9: =IF(I7="","",COUNTIF(I7,"L")) | J9: =IF(J7="","",COUNTIF(J7,"L")) | ... L9: =IF(L7="","",COUNTIF(L7,"L")) | N9: Ballsiest Bettor | O9: =IFERROR(__xludf.DUMMYFUNCTION("IF(COUNTA(C4:L4) = 0, """", IFERROR(TEXTJOIN("", "", TRUE, FILTER(C1:L1, C4:L4 = MAX(C4:L4))), """"))"),"") | P9: =IFERROR(__xludf.DUMMYFUNCTION("IF(COUNTA(C4:L4) = 0, """", IFERROR(TEXTJOIN("", "", TRUE, FILTER(C1:L1, C11:L11 = MAX(C11:L11))), """"))"),"")
A10: Win % | C10: =IF(C7="","",(C8/(C8+C9))) | D10: =IF(D7="","",(D8/(D8+D9))) | E10: =IF(E7="","",(E8/(E8+E9))) | F10: =IF(F7="","",(F8/(F8+F9))) | G10: =IF(G7="","",(G8/(G8+G9))) | H10: =IF(H7="","",(H8/(H8+H9))) | I10: =IF(I7="","",(I8/(I8+I9))) | J10: =IF(J7="","",(J8/(J8+J9))) | ... L10: =IF(L7="","",(L8/(L8+L9))) | N10: Parlay Pussy | O10: =IFERROR(__xludf.DUMMYFUNCTION("IF(COUNTA(C4:L4) = 0, """", IFERROR(TEXTJOIN("", "", TRUE, FILTER(C1:L1, C4:L4 = MIN(C4:L4))), """"))"),"") | P10: =IFERROR(__xludf.DUMMYFUNCTION("IF(COUNTA(C4:L4) = 0, """", IFERROR(TEXTJOIN("", "", TRUE, FILTER(C1:L1, C11:L11 = MIN(C11:L11))), """"))"),"")
A11: Average Odds | C11: =C4 | D11: =D4 | E11: =E4 | F11: =F4 | G11: =G4 | H11: =H4 | I11: =I4 | J11: =J4 | ... L11: =L4
A12: "If I bet $10 every week" | C12: =IFERROR(__xludf.DUMMYFUNCTION("IF(C7="""","""",IF(REGEXMATCH(C7,""W""),IF(C4<0,((-100/C4))*10,((C4/100)*10)),-10))"),"") | D12: =IFERROR(__xludf.DUMMYFUNCTION("IF(D7="""","""",IF(REGEXMATCH(D7,""W""),IF(D4<0,((-100/D4))*10,((D4/100)*10)),-10))"),"") | E12: =IFERROR(__xludf.DUMMYFUNCTION("IF(E7="""","""",IF(REGEXMATCH(E7,""W""),IF(E4<0,((-100/E4))*10,((E4/100)*10)),-10))"),"") | F12: =IFERROR(__xludf.DUMMYFUNCTION("IF(F7="""","""",IF(REGEXMATCH(F7,""W""),IF(F4<0,((-100/F4))*10,((F4/100)*10)),-10))"),"") | G12: =IFERROR(__xludf.DUMMYFUNCTION("IF(G7="""","""",IF(REGEXMATCH(G7,""W""),IF(G4<0,((-100/G4))*10,((G4/100)*10)),-10))"),"") | H12: =IFERROR(__xludf.DUMMYFUNCTION("IF(H7="""","""",IF(REGEXMATCH(H7,""W""),IF(H4<0,((-100/H4))*10,((H4/100)*10)),-10))"),"") | I12: =IFERROR(__xludf.DUMMYFUNCTION("IF(I7="""","""",IF(REGEXMATCH(I7,""W""),IF(I4<0,((-100/I4))*10,((I4/100)*10)),-10))"),"") | J12: =IFERROR(__xludf.DUMMYFUNCTION("IF(J7="""","""",IF(REGEXMATCH(J7,""W""),IF(J4<0,((-100/J4))*10,((J4/100)*10)),-10))"),"") | K12: =IFERROR(__xludf.DUMMYFUNCTION("IF(K7="""","""",IF(REGEXMATCH(K7,""W""),IF(K4<0,((-100/K4))*10,((K4/100)*10)),-10))"),"") | L12: =IFERROR(__xludf.DUMMYFUNCTION("IF(L7="""","""",IF(REGEXMATCH(L7,""W""),IF(L4<0,((-100/L4))*10,((L4/100)*10)),-10))"),"") | N12: "If I placed all 10 bets @ $10 each week" | O12: =sum(C12:L12) -> 0 | P12: =O12 -> 0
A14: Week 2 | C14: Austin | D14: Carson | E14: Clayton | F14: Dan | G14: Hunter | H14: Jake | I14: Nick | J14: Tanner | K14: Taylon | L14: Trey | O14: Parlay
A16: Pick | N16: Odds | O16: =IF(AND(C17="",AND(D17="",AND(E17="",AND(F17="",AND(G17="",AND(H17="",AND(I17="",AND(J17="",AND(K17="",L17=""))))))))),"",IF(((IF(C17="",1,IF(C17>0,(C17/100)+1,(100/((-1)*C17))+1)))*(IF(D17="",1,IF(D17>0,(D17/100)+1,(100/((-1)*D17))+1)))*(IF(E17="",1,IF(E17>0,(E17/100)+1,(100/((-1)*E17))+1)))*(IF(F17="",1,IF(F17>0,(F17/100)+1,(100/((-1)*F17))+1)))*(IF(G17="",1,IF(G17>0,(G17/100)+1,(100/((-1)*G17))+1)))*(IF(H17="",1,IF(H17>0,(H17/100)+1,(100/((-1)*H17))+1)))*(IF(I17="",1,IF(I17>0,(I17/100)+1,(100/((-1)*I17))+1)))*(IF(J17="",1,IF(J17>0,(J17/100)+1,(100/((-1)*J17))+1)))*(IF(K17="",1,IF(K17>0,(K17/100)+1,(100/((-1)*K17))+1)))*(IF(L17="",1,IF(L17>0,(L17/100)+1,(100/((-1)*L17))+1))))<2,((-100)/(((IF(C17="",1,IF(C17>0,(C17/100)+1,(100/((-1)*C17))+1)))*(IF(D17="",1,IF(D17>0,(D17/100)+1,(100/((-1)*D17))+1)))*(IF(E17="",1,IF(E17>0,(E17/100)+1,(100/((-1)*E17))+1)))*(IF(F17="",1,IF(F17>0,(F17/100)+1,(100/((-1)*F17))+1)))*(IF(G17="",1,IF(G17>0,(G17/100)+1,(100/((-1)*G17))+1)))*(IF(H17="",1,IF(H17>0,(H17/100)+1,(100/((-1)*H17))+1)))*(IF(I17="",1,IF(I17>0,(I17/100)+1,(100/((-1)*I17))+1)))*(IF(J17="",1,IF(J17>0,(J17/100)+1,(100/((-1)*J17))+1)))*(IF(K17="",1,IF(K17>0,(K17/100)+1,(100/((-1)*K17))+1)))*(IF(L17="",1,IF(L17>0,(L17/100)+1,(100/((-1)*L17))+1))))-1)),((((IF(C17="",1,IF(C17>0,(C17/100)+1,(100/((-1)*C17))+1)))*(IF(D17="",1,IF(D17>0,(D17/100)+1,(100/((-1)*D17))+1)))*(IF(E17="",1,IF(E17>0,(E17/100)+1,(100/((-1)*E17))+1)))*(IF(F17="",1,IF(F17>0,(F17/100)+1,(100/((-1)*F17))+1)))*(IF(G17="",1,IF(G17>0,(G17/100)+1,(100/((-1)*G17))+1)))*(IF(H17="",1,IF(H17>0,(H17/100)+1,(100/((-1)*H17))+1)))*(IF(I17="",1,IF(I17>0,(I17/100)+1,(100/((-1)*I17))+1)))*(IF(J17="",1,IF(J17>0,(J17/100)+1,(100/((-1)*J17))+1)))*(IF(K17="",1,IF(K17>0,(K17/100)+1,(100/((-1)*K17))+1)))*(IF(L17="",1,IF(L17>0,(L17/100)+1,(100/((-1)*L17))+1))))-1)*(100)))) | Q16: *Pick Made For Me*
A17: Odds | M17: 1 | N17: Return | O17: =IF(AND(C17="",AND(D17="",AND(E17="",AND(F17="",AND(G17="",AND(H17="",AND(I17="",AND(J17="",AND(K17="",L17=""))))))))),"",10+IF((IF(((IF(C17="",1,IF(C17>0,(C17/100)+1,(100/((-1)*C17))+1)))*(IF(D17="",1,IF(D17>0,(D17/100)+1,(100/((-1)*D17))+1)))*(IF(E17="",1,IF(E17>0,(E17/100)+1,(100/((-1)*E17))+1)))*(IF(F17="",1,IF(F17>0,(F17/100)+1,(100/((-1)*F17))+1)))*(IF(G17="",1,IF(G17>0,(G17/100)+1,(100/((-1)*G17))+1)))*(IF(H17="",1,IF(H17>0,(H17/100)+1,(100/((-1)*H17))+1)))*(IF(I17="",1,IF(I17>0,(I17/100)+1,(100/((-1)*I17))+1)))*(IF(J17="",1,IF(J17>0,(J17/100)+1,(100/((-1)*J17))+1)))*(IF(K17="",1,IF(K17>0,(K17/100)+1,(100/((-1)*K17))+1)))*(IF(L17="",1,IF(L17>0,(L17/100)+1,(100/((-1)*L17))+1))))<2,((-100)/(((IF(C17="",1,IF(C17>0,(C17/100)+1,(100/((-1)*C17))+1)))*(IF(D17="",1,IF(D17>0,(D17/100)+1,(100/((-1)*D17))+1)))*(IF(E17="",1,IF(E17>0,(E17/100)+1,(100/((-1)*E17))+1)))*(IF(F17="",1,IF(F17>0,(F17/100)+1,(100/((-1)*F17))+1)))*(IF(G17="",1,IF(G17>0,(G17/100)+1,(100/((-1)*G17))+1)))*(IF(H17="",1,IF(H17>0,(H17/100)+1,(100/((-1)*H17))+1)))*(IF(I17="",1,IF(I17>0,(I17/100)+1,(100/((-1)*I17))+1)))*(IF(J17="",1,IF(J17>0,(J17/100)+1,(100/((-1)*J17))+1)))*(IF(K17="",1,IF(K17>0,(K17/100)+1,(100/((-1)*K17))+1)))*(IF(L17="",1,IF(L17>0,(L17/100)+1,(100/((-1)*L17))+1))))-1)),((((IF(C17="",1,IF(C17>0,(C17/100)+1,(100/((-1)*C17))+1)))*(IF(D17="",1,IF(D17>0,(D17/100)+1,(100/((-1)*D17))+1)))*(IF(E17="",1,IF(E17>0,(E17/100)+1,(100/((-1)*E17))+1)))*(IF(F17="",1,IF(F17>0,(F17/100)+1,(100/((-1)*F17))+1)))*(IF(G17="",1,IF(G17>0,(G17/100)+1,(100/((-1)*G17))+1)))*(IF(H17="",1,IF(H17>0,(H17/100)+1,(100/((-1)*H17))+1)))*(IF(I17="",1,IF(I17>0,(I17/100)+1,(100/((-1)*I17))+1)))*(IF(J17="",1,IF(J17>0,(J17/100)+1,(100/((-1)*J17))+1)))*(IF(K17="",1,IF(K17>0,(K17/100)+1,(100/((-1)*K17))+1)))*(IF(L17="",1,IF(L17>0,(L17/100)+1,(100/((-1)*L17))+1))))-1)*(100))))<0,(((-100)/((IF(((IF(C17="",1,IF(C17>0,(C17/100)+1,(100/((-1)*C17))+1)))*(IF(D17="",1,IF(D17>0,(D17/100)+1,(100/((-1)*D17))+1)))*(IF(E17="",1,IF(E17>0,(E17/100)+1,(100/((-1)*E17))+1)))*(IF(F17="",1,IF(F17>0,(F17/100)+1,(100/((-1)*F17))+1)))*(IF(G17="",1,IF(G17>0,(G17/100)+1,(100/((-1)*G17))+1)))*(IF(H17="",1,IF(H17>0,(H17/100)+1,(100/((-1)*H17))+1)))*(IF(I17="",1,IF(I17>0,(I17/100)+1,(100/((-1)*I17))+1)))*(IF(J17="",1,IF(J17>0,(J17/100)+1,(100/((-1)*J17))+1)))*(IF(K17="",1,IF(K17>0,(K17/100)+1,(100/((-1)*K17))+1)))*(IF(L17="",1,IF(L17>0,(L17/100)+1,(100/((-1)*L17))+1))))<2,((-100)/(((IF(C17="",1,IF(C17>0,(C17/100)+1,(100/((-1)*C17))+1)))*(IF(D17="",1,IF(D17>0,(D17/100)+1,(100/((-1)*D17))+1)))*(IF(E17="",1,IF(E17>0,(E17/100)+1,(100/((-1)*E17))+1)))*(IF(F17="",1,IF(F17>0,(F17/100)+1,(100/((-1)*F17))+1)))*(IF(G17="",1,IF(G17>0,(G17/100)+1,(100/((-1)*G17))+1)))*(IF(H17="",1,IF(H17>0,(H17/100)+1,(100/((-1)*H17))+1)))*(IF(I17="",1,IF(I17>0,(I17/100)+1,(100/((-1)*I17))+1)))*(IF(J17="",1,IF(J17>0,(J17/100)+1,(100/((-1)*J17))+1)))*(IF(K17="",1,IF(K17>0,(K17/100)+1,(100/((-1)*K17))+1)))*(IF(L17="",1,IF(L17>0,(L17/100)+1,(100/((-1)*L17))+1))))-1)),((((IF(C17="",1,IF(C17>0,(C17/100)+1,(100/((-1)*C17))+1)))*(IF(D17="",1,IF(D17>0,(D17/100)+1,(100/((-1)*D17))+1)))*(IF(E17="",1,IF(E17>0,(E17/100)+1,(100/((-1)*E17))+1)))*(IF(F17="",1,IF(F17>0,(F17/100)+1,(100/((-1)*F17))+1)))*(IF(G17="",1,IF(G17>0,(G17/100)+1,(100/((-1)*G17))+1)))*(IF(H17="",1,IF(H17>0,(H17/100)+1,(100/((-1)*H17))+1)))*(IF(I17="",1,IF(I17>0,(I17/100)+1,(100/((-1)*I17))+1)))*(IF(J17="",1,IF(J17>0,(J17/100)+1,(100/((-1)*J17))+1)))*(IF(K17="",1,IF(K17>0,(K17/100)+1,(100/((-1)*K17))+1)))*(IF(L17="",1,IF(L17>0,(L17/100)+1,(100/((-1)*L17))+1))))-1)*(100))))))*10),(((IF(((IF(C17="",1,IF(C17>0,(C17/100)+1,(100/((-1)*C17))+1)))*(IF(D17="",1,IF(D17>0,(D17/100)+1,(100/((-1)*D17))+1)))*(IF(E17="",1,IF(E17>0,(E17/100)+1,(100/((-1)*E17))+1)))*(IF(F17="",1,IF(F17>0,(F17/100)+1,(100/((-1)*F17))+1)))*(IF(G17="",1,IF(G17>0,(G17/100)+1,(100/((-1)*G17))+1)))*(IF(H17="",1,IF(H17>0,(H17/100)+1,(100/((-1)*H17))+1)))*(IF(I17="",1,IF(I17>0,(I17/100)+1,(100/((-1)*I17))+1)))*(IF(J17="",1,IF(J17>0,(J17/100)+1,(100/((-1)*J17))+1)))*(IF(K17="",1,IF(K17>0,(K17/100)+1,(100/((-1)*K17))+1)))*(IF(L17="",1,IF(L17>0,(L17/100)+1,(100/((-1)*L17))+1))))<2,((-100)/(((IF(C17="",1,IF(C17>0,(C17/100)+1,(100/((-1)*C17))+1)))*(IF(D17="",1,IF(D17>0,(D17/100)+1,(100/((-1)*D17))+1)))*(IF(E17="",1,IF(E17>0,(E17/100)+1,(100/((-1)*E17))+1)))*(IF(F17="",1,IF(F17>0,(F17/100)+1,(100/((-1)*F17))+1)))*(IF(G17="",1,IF(G17>0,(G17/100)+1,(100/((-1)*G17))+1)))*(IF(H17="",1,IF(H17>0,(H17/100)+1,(100/((-1)*H17))+1)))*(IF(I17="",1,IF(I17>0,(I17/100)+1,(100/((-1)*I17))+1)))*(IF(J17="",1,IF(J17>0,(J17/100)+1,(100/((-1)*J17))+1)))*(IF(K17="",1,IF(K17>0,(K17/100)+1,(100/((-1)*K17))+1)))*(IF(L17="",1,IF(L17>0,(L17/100)+1,(100/((-1)*L17))+1))))-1)),((((IF(C17="",1,IF(C17>0,(C17/100)+1,(100/((-1)*C17))+1)))*(IF(D17="",1,IF(D17>0,(D17/100)+1,(100/((-1)*D17))+1)))*(IF(E17="",1,IF(E17>0,(E17/100)+1,(100/((-1)*E17))+1)))*(IF(F17="",1,IF(F17>0,(F17/100)+1,(100/((-1)*F17))+1)))*(IF(G17="",1,IF(G17>0,(G17/100)+1,(100/((-1)*G17))+1)))*(IF(H17="",1,IF(H17>0,(H17/100)+1,(100/((-1)*H17))+1)))*(IF(I17="",1,IF(I17>0,(I17/100)+1,(100/((-1)*I17))+1)))*(IF(J17="",1,IF(J17>0,(J17/100)+1,(100/((-1)*J17))+1)))*(IF(K17="",1,IF(K17>0,(K17/100)+1,(100/((-1)*K17))+1)))*(IF(L17="",1,IF(L17>0,(L17/100)+1,(100/((-1)*L17))+1))))-1)*(100))))/100)*10)))
A18: Matchup
A19: Outcome | O19: This Week | P19: Cumulative
A20: W/L | N20: Best Handicapper | O20: =IFERROR(__xludf.DUMMYFUNCTION("IF(OR(COUNTA(C17:L17) = 0, COUNTA(C20:L20) = 0), """", IFERROR(TEXTJOIN("", "", TRUE, FILTER(C14:L14, (C20:L20 = ""W"") * (C17:L17 = MAX(FILTER(C17:L17, C20:L20 = ""W""))))), """"))"),"") | P20: =IFERROR(__xludf.DUMMYFUNCTION("IF(COUNTA(C25:L25) = 0, """", IFERROR(TEXTJOIN("", "", TRUE, FILTER(C14:L14, C25:L25 = MAX(C25:L25))), """"))"),"")
A21: Wins | C21: =IF(OR(C17="",C20=""),"",C8+COUNTIF(C20,"W")) | D21: =IF(OR(D17="",D20=""),"",D8+COUNTIF(D20,"W")) | E21: =IF(OR(E17="",E20=""),"",E8+COUNTIF(E20,"W")) | F21: =IF(OR(F17="",F20=""),"",F8+COUNTIF(F20,"W")) | G21: =IF(OR(G17="",G20=""),"",G8+COUNTIF(G20,"W")) | H21: =IF(OR(H17="",H20=""),"",H8+COUNTIF(H20,"W")) | I21: =IF(OR(I17="",I20=""),"",I8+COUNTIF(I20,"W")) | J21: =IF(OR(J17="",J20=""),"",J8+COUNTIF(J20,"W")) | ... L21: =IF(OR(L17="",L20=""),"",L8+COUNTIF(L20,"W")) | N21: Worst Handicapper | O21: =IFERROR(__xludf.DUMMYFUNCTION("IF(OR(COUNTA(C17:L17) = 0, COUNTA(C20:L20) = 0), """", IFERROR(TEXTJOIN("", "", TRUE, FILTER(C14:L14, (C20:L20 = ""L"") * (C17:L17 = MIN(FILTER(C17:L17, C20:L20 = ""L""))))), """"))"),"") | P21: =IFERROR(__xludf.DUMMYFUNCTION("IF(COUNTA(C25:L25) = 0, """", IFERROR(TEXTJOIN("", "", TRUE, FILTER(C14:L14, C25:L25 = MIN(C25:L25))), """"))"),"")
A22: Losses | C22: =IF(OR(C17="",C20=""),"",C9+COUNTIF(C20,"L")) | D22: =IF(OR(D17="",D20=""),"",D9+COUNTIF(D20,"L")) | E22: =IF(OR(E17="",E20=""),"",E9+COUNTIF(E20,"L")) | F22: =IF(OR(F17="",F20=""),"",F9+COUNTIF(F20,"L")) | G22: =IF(OR(G17="",G20=""),"",G9+COUNTIF(G20,"L")) | H22: =IF(OR(H17="",H20=""),"",H9+COUNTIF(H20,"L")) | I22: =IF(OR(I17="",I20=""),"",I9+COUNTIF(I20,"L")) | J22: =IF(OR(J17="",J20=""),"",J9+COUNTIF(J20,"L")) | ... L22: =IF(OR(L17="",L20=""),"",L9+COUNTIF(L20,"L")) | N22: Ballsiest Bettor | O22: =IFERROR(__xludf.DUMMYFUNCTION("IF(COUNTA(C17:L17) = 0, """", IFERROR(TEXTJOIN("", "", TRUE, FILTER(C14:L14, C17:L17 = MAX(C17:L17))), """"))"),"") | P22: =IFERROR(__xludf.DUMMYFUNCTION("IF(COUNTA(C17:L17) = 0, """", IFERROR(TEXTJOIN("", "", TRUE, FILTER(C14:L14, C24:L24 = MAX(C24:L24))), """"))"),"")
A23: Win % | C23: =IF(OR(C17="",C20=""),"",(C21/(C21+C22))) | D23: =IF(OR(D17="",D20=""),"",(D21/(D21+D22))) | E23: =IF(OR(E17="",E20=""),"",(E21/(E21+E22))) | F23: =IF(OR(F17="",F20=""),"",(F21/(F21+F22))) | G23: =IF(OR(G17="",G20=""),"",(G21/(G21+G22))) | H23: =IF(OR(H17="",H20=""),"",(H21/(H21+H22))) | I23: =IF(OR(I17="",I20=""),"",(I21/(I21+I22))) | J23: =IF(OR(J17="",J20=""),"",(J21/(J21+J22))) | ... L23: =IF(OR(L17="",L20=""),"",(L21/(L21+L22))) | N23: Parlay Pussy | O23: =IFERROR(__xludf.DUMMYFUNCTION("IF(COUNTA(C17:L17) = 0, """", IFERROR(TEXTJOIN("", "", TRUE, FILTER(C14:L14, C17:L17 = MIN(C17:L17))), """"))"),"") | P23: =IFERROR(__xludf.DUMMYFUNCTION("IF(COUNTA(C17:L17) = 0, """", IFERROR(TEXTJOIN("", "", TRUE, FILTER(C14:L14, C24:L24 = MIN(C24:L24))), """"))"),"")
A24: Average Odds | C24: =IF(C17="","",IF(((IF(C17 <0,((-100/C17)+1),((C17/100)+1))+(IF(C11<0,((-100/C11)+1),((C11/100)+1)))*(C8+C9))/(C8+C9+1))<2,(-100/(((IF(C17 <0,((-100/C17)+1),((C17/100)+1))+(IF(C11<0,((-100/C11)+1),((C11/100)+1)))*(C8+C9))/(C8+C9+1))-1)),(((IF(C17 <0,((-100/C17)+1),((C17/100)+1))+(IF(C11<0,((-100/C11)+1),((C11/100)+1)))*(C8+C9))/(C8+C9+1))-1)*100)) | D24: =IF(D17="","",IF(((IF(D17 <0,((-100/D17)+1),((D17/100)+1))+(IF(D11<0,((-100/D11)+1),((D11/100)+1)))*(D8+D9))/(D8+D9+1))<2,(-100/(((IF(D17 <0,((-100/D17)+1),((D17/100)+1))+(IF(D11<0,((-100/D11)+1),((D11/100)+1)))*(D8+D9))/(D8+D9+1))-1)),(((IF(D17 <0,((-100/D17)+1),((D17/100)+1))+(IF(D11<0,((-100/D11)+1),((D11/100)+1)))*(D8+D9))/(D8+D9+1))-1)*100)) | E24: =IF(E17="","",IF(((IF(E17 <0,((-100/E17)+1),((E17/100)+1))+(IF(E11<0,((-100/E11)+1),((E11/100)+1)))*(E8+E9))/(E8+E9+1))<2,(-100/(((IF(E17 <0,((-100/E17)+1),((E17/100)+1))+(IF(E11<0,((-100/E11)+1),((E11/100)+1)))*(E8+E9))/(E8+E9+1))-1)),(((IF(E17 <0,((-100/E17)+1),((E17/100)+1))+(IF(E11<0,((-100/E11)+1),((E11/100)+1)))*(E8+E9))/(E8+E9+1))-1)*100)) | F24: =IF(F17="","",IF(((IF(F17 <0,((-100/F17)+1),((F17/100)+1))+(IF(F11<0,((-100/F11)+1),((F11/100)+1)))*(F8+F9))/(F8+F9+1))<2,(-100/(((IF(F17 <0,((-100/F17)+1),((F17/100)+1))+(IF(F11<0,((-100/F11)+1),((F11/100)+1)))*(F8+F9))/(F8+F9+1))-1)),(((IF(F17 <0,((-100/F17)+1),((F17/100)+1))+(IF(F11<0,((-100/F11)+1),((F11/100)+1)))*(F8+F9))/(F8+F9+1))-1)*100)) | G24: =IF(G17="","",IF(((IF(G17 <0,((-100/G17)+1),((G17/100)+1))+(IF(G11<0,((-100/G11)+1),((G11/100)+1)))*(G8+G9))/(G8+G9+1))<2,(-100/(((IF(G17 <0,((-100/G17)+1),((G17/100)+1))+(IF(G11<0,((-100/G11)+1),((G11/100)+1)))*(G8+G9))/(G8+G9+1))-1)),(((IF(G17 <0,((-100/G17)+1),((G17/100)+1))+(IF(G11<0,((-100/G11)+1),((G11/100)+1)))*(G8+G9))/(G8+G9+1))-1)*100)) | H24: =IF(H17="","",IF(((IF(H17 <0,((-100/H17)+1),((H17/100)+1))+(IF(H11<0,((-100/H11)+1),((H11/100)+1)))*(H8+H9))/(H8+H9+1))<2,(-100/(((IF(H17 <0,((-100/H17)+1),((H17/100)+1))+(IF(H11<0,((-100/H11)+1),((H11/100)+1)))*(H8+H9))/(H8+H9+1))-1)),(((IF(H17 <0,((-100/H17)+1),((H17/100)+1))+(IF(H11<0,((-100/H11)+1),((H11/100)+1)))*(H8+H9))/(H8+H9+1))-1)*100)) | I24: =IF(I17="","",IF(((IF(I17 <0,((-100/I17)+1),((I17/100)+1))+(IF(I11<0,((-100/I11)+1),((I11/100)+1)))*(I8+I9))/(I8+I9+1))<2,(-100/(((IF(I17 <0,((-100/I17)+1),((I17/100)+1))+(IF(I11<0,((-100/I11)+1),((I11/100)+1)))*(I8+I9))/(I8+I9+1))-1)),(((IF(I17 <0,((-100/I17)+1),((I17/100)+1))+(IF(I11<0,((-100/I11)+1),((I11/100)+1)))*(I8+I9))/(I8+I9+1))-1)*100)) | J24: =IF(J17="","",IF(((IF(J17 <0,((-100/J17)+1),((J17/100)+1))+(IF(J11<0,((-100/J11)+1),((J11/100)+1)))*(J8+J9))/(J8+J9+1))<2,(-100/(((IF(J17 <0,((-100/J17)+1),((J17/100)+1))+(IF(J11<0,((-100/J11)+1),((J11/100)+1)))*(J8+J9))/(J8+J9+1))-1)),(((IF(J17 <0,((-100/J17)+1),((J17/100)+1))+(IF(J11<0,((-100/J11)+1),((J11/100)+1)))*(J8+J9))/(J8+J9+1))-1)*100)) | ... L24: =IF(L17="","",IF(((IF(L17 <0,((-100/L17)+1),((L17/100)+1))+(IF(L11<0,((-100/L11)+1),((L11/100)+1)))*(L8+L9))/(L8+L9+1))<2,(-100/(((IF(L17 <0,((-100/L17)+1),((L17/100)+1))+(IF(L11<0,((-100/L11)+1),((L11/100)+1)))*(L8+L9))/(L8+L9+1))-1)),(((IF(L17 <0,((-100/L17)+1),((L17/100)+1))+(IF(L11<0,((-100/L11)+1),((L11/100)+1)))*(L8+L9))/(L8+L9+1))-1)*100))
A25: "If I bet $10 every week" | C25: =IFERROR(__xludf.DUMMYFUNCTION("IF(OR(C16="""",C20=""""),"""",IF(REGEXMATCH(C20,""W""),IF(C17<0,((-100/C17))*10+C12,((C17/100)*10+C12)),-10+C12))"),"") | D25: =IFERROR(__xludf.DUMMYFUNCTION("IF(OR(D16="""",D20=""""),"""",IF(REGEXMATCH(D20,""W""),IF(D17<0,((-100/D17))*10+D12,((D17/100)*10+D12)),-10+D12))"),"") | E25: =IFERROR(__xludf.DUMMYFUNCTION("IF(OR(E16="""",E20=""""),"""",IF(REGEXMATCH(E20,""W""),IF(E17<0,((-100/E17))*10+E12,((E17/100)*10+E12)),-10+E12))"),"") | F25: =IFERROR(__xludf.DUMMYFUNCTION("IF(OR(F16="""",F20=""""),"""",IF(REGEXMATCH(F20,""W""),IF(F17<0,((-100/F17))*10+F12,((F17/100)*10+F12)),-10+F12))"),"") | G25: =IFERROR(__xludf.DUMMYFUNCTION("IF(OR(G16="""",G20=""""),"""",IF(REGEXMATCH(G20,""W""),IF(G17<0,((-100/G17))*10+G12,((G17/100)*10+G12)),-10+G12))"),"") | H25: =IFERROR(__xludf.DUMMYFUNCTION("IF(OR(H16="""",H20=""""),"""",IF(REGEXMATCH(H20,""W""),IF(H17<0,((-100/H17))*10+H12,((H17/100)*10+H12)),-10+H12))"),"") | I25: =IFERROR(__xludf.DUMMYFUNCTION("IF(OR(I16="""",I20=""""),"""",IF(REGEXMATCH(I20,""W""),IF(I17<0,((-100/I17))*10+I12,((I17/100)*10+I12)),-10+I12))"),"") | J25: =IFERROR(__xludf.DUMMYFUNCTION("IF(OR(J16="""",J20=""""),"""",IF(REGEXMATCH(J20,""W""),IF(J17<0,((-100/J17))*10+J12,((J17/100)*10+J12)),-10+J12))"),"") | K25: =IFERROR(__xludf.DUMMYFUNCTION("IF(OR(K16="""",K20=""""),"""",IF(REGEXMATCH(K20,""W""),IF(K17<0,((-100/K17))*10+K12,((K17/100)*10+K12)),-10+K12))"),"") | L25: =IFERROR(__xludf.DUMMYFUNCTION("IF(OR(L16="""",L20=""""),"""",IF(REGEXMATCH(L20,""W""),IF(L17<0,((-100/L17))*10+L12,((L17/100)*10+L12)),-10+L12))"),"") | N25: "If I placed all 10 bets @ $10 each week" | O25: =IFERROR(__xludf.DUMMYFUNCTION("IF(AND(C25="""",AND(D25="""",AND(E25="""",AND(F25="""",AND(G25="""",AND(H25="""",AND(I25="""",AND(J25="""",AND(K25="""",L25=""""))))))))),"""",(IF(C20="""",0,IF(REGEXMATCH(C20,""W""),IF(C17<0,((-100/C17))*10,((C17/100)*10)),-10))+IF(D20="""",0,IF(REGEXMAT"&"CH(D20,""W""),IF(D17<0,((-100/D17))*10,((D17/100)*10)),-10))+IF(E20="""",0,IF(REGEXMATCH(E20,""W""),IF(E17<0,((-100/E17))*10,((E17/100)*10)),-10))+IF(F20="""",0,IF(REGEXMATCH(F20,""W""),IF(F17<0,((-100/F17))*10,((F17/100)*10)),-10))+IF(G20="""",0,IF(REGEX"&"MATCH(G20,""W""),IF(G17<0,((-100/G17))*10,((G17/100)*10)),-10))+IF(H20="""",0,IF(REGEXMATCH(H20,""W""),IF(H17<0,((-100/H17))*10,((H17/100)*10)),-10))+IF(I20="""",0,IF(REGEXMATCH(I20,""W""),IF(I17<0,((-100/I17))*10,((I17/100)*10)),-10))+IF(J20="""",0,IF(RE"&"GEXMATCH(J20,""W""),IF(J17<0,((-100/J17))*10,((J17/100)*10)),-10))+IF(K20="""",0,IF(REGEXMATCH(K20,""W""),IF(K17<0,((-100/K17))*10,((K17/100)*10)),-10))+IF(L20="""",0,IF(REGEXMATCH(L20,""W""),IF(L17<0,((-100/L17))*10,((L17/100)*10)),-10))))"),"") | P25: =IFERROR(__xludf.DUMMYFUNCTION("IF(AND(C25="""",AND(D25="""",AND(E25="""",AND(F25="""",AND(G25="""",AND(H25="""",AND(I25="""",AND(J25="""",AND(K25="""",L25=""""))))))))),"""",(P12+IF(C20="""",0,IF(REGEXMATCH(C20,""W""),IF(C17<0,((-100/C17))*10,((C17/100)*10)),-10))+IF(D20="""",0,IF(REGE"&"XMATCH(D20,""W""),IF(D17<0,((-100/D17))*10,((D17/100)*10)),-10))+IF(E20="""",0,IF(REGEXMATCH(E20,""W""),IF(E17<0,((-100/E17))*10,((E17/100)*10)),-10))+IF(F20="""",0,IF(REGEXMATCH(F20,""W""),IF(F17<0,((-100/F17))*10,((F17/100)*10)),-10))+IF(G20="""",0,IF(R"&"EGEXMATCH(G20,""W""),IF(G17<0,((-100/G17))*10,((G17/100)*10)),-10))+IF(H20="""",0,IF(REGEXMATCH(H20,""W""),IF(H17<0,((-100/H17))*10,((H17/100)*10)),-10))+IF(I20="""",0,IF(REGEXMATCH(I20,""W""),IF(I17<0,((-100/I17))*10,((I17/100)*10)),-10))+IF(J20="""",0,I"&"F(REGEXMATCH(J20,""W""),IF(J17<0,((-100/J17))*10,((J17/100)*10)),-10))+IF(K20="""",0,IF(REGEXMATCH(K20,""W""),IF(K17<0,((-100/K17))*10,((K17/100)*10)),-10))+IF(L20="""",0,IF(REGEXMATCH(L20,""W""),IF(L17<0,((-100/L17))*10,((L17/100)*10)),-10))))"),"")
A27: Week 3 | C27: Austin | D27: Carson | E27: Clayton | F27: Dan | G27: Hunter | H27: Jake | I27: Nick | J27: Tanner | K27: Taylon | L27: Trey | O27: Parlay
A29: Pick | N29: Odds | O29: =IF(AND(C30="",AND(D30="",AND(E30="",AND(F30="",AND(G30="",AND(H30="",AND(I30="",AND(J30="",AND(K30="",L30=""))))))))),"",IF(((IF(C30="",1,IF(C30>0,(C30/100)+1,(100/((-1)*C30))+1)))*(IF(D30="",1,IF(D30>0,(D30/100)+1,(100/((-1)*D30))+1)))*(IF(E30="",1,IF(E30>0,(E30/100)+1,(100/((-1)*E30))+1)))*(IF(F30="",1,IF(F30>0,(F30/100)+1,(100/((-1)*F30))+1)))*(IF(G30="",1,IF(G30>0,(G30/100)+1,(100/((-1)*G30))+1)))*(IF(H30="",1,IF(H30>0,(H30/100)+1,(100/((-1)*H30))+1)))*(IF(I30="",1,IF(I30>0,(I30/100)+1,(100/((-1)*I30))+1)))*(IF(J30="",1,IF(J30>0,(J30/100)+1,(100/((-1)*J30))+1)))*(IF(K30="",1,IF(K30>0,(K30/100)+1,(100/((-1)*K30))+1)))*(IF(L30="",1,IF(L30>0,(L30/100)+1,(100/((-1)*L30))+1))))<2,((-100)/(((IF(C30="",1,IF(C30>0,(C30/100)+1,(100/((-1)*C30))+1)))*(IF(D30="",1,IF(D30>0,(D30/100)+1,(100/((-1)*D30))+1)))*(IF(E30="",1,IF(E30>0,(E30/100)+1,(100/((-1)*E30))+1)))*(IF(F30="",1,IF(F30>0,(F30/100)+1,(100/((-1)*F30))+1)))*(IF(G30="",1,IF(G30>0,(G30/100)+1,(100/((-1)*G30))+1)))*(IF(H30="",1,IF(H30>0,(H30/100)+1,(100/((-1)*H30))+1)))*(IF(I30="",1,IF(I30>0,(I30/100)+1,(100/((-1)*I30))+1)))*(IF(J30="",1,IF(J30>0,(J30/100)+1,(100/((-1)*J30))+1)))*(IF(K30="",1,IF(K30>0,(K30/100)+1,(100/((-1)*K30))+1)))*(IF(L30="",1,IF(L30>0,(L30/100)+1,(100/((-1)*L30))+1))))-1)),((((IF(C30="",1,IF(C30>0,(C30/100)+1,(100/((-1)*C30))+1)))*(IF(D30="",1,IF(D30>0,(D30/100)+1,(100/((-1)*D30))+1)))*(IF(E30="",1,IF(E30>0,(E30/100)+1,(100/((-1)*E30))+1)))*(IF(F30="",1,IF(F30>0,(F30/100)+1,(100/((-1)*F30))+1)))*(IF(G30="",1,IF(G30>0,(G30/100)+1,(100/((-1)*G30))+1)))*(IF(H30="",1,IF(H30>0,(H30/100)+1,(100/((-1)*H30))+1)))*(IF(I30="",1,IF(I30>0,(I30/100)+1,(100/((-1)*I30))+1)))*(IF(J30="",1,IF(J30>0,(J30/100)+1,(100/((-1)*J30))+1)))*(IF(K30="",1,IF(K30>0,(K30/100)+1,(100/((-1)*K30))+1)))*(IF(L30="",1,IF(L30>0,(L30/100)+1,(100/((-1)*L30))+1))))-1)*(100)))) | Q29: *Pick Made For Me*
A30: Odds | M30: 2 | N30: Return | O30: =IF(AND(C30="",AND(D30="",AND(E30="",AND(F30="",AND(G30="",AND(H30="",AND(I30="",AND(J30="",AND(K30="",L30=""))))))))),"",10+IF((IF(((IF(C30="",1,IF(C30>0,(C30/100)+1,(100/((-1)*C30))+1)))*(IF(D30="",1,IF(D30>0,(D30/100)+1,(100/((-1)*D30))+1)))*(IF(E30="",1,IF(E30>0,(E30/100)+1,(100/((-1)*E30))+1)))*(IF(F30="",1,IF(F30>0,(F30/100)+1,(100/((-1)*F30))+1)))*(IF(G30="",1,IF(G30>0,(G30/100)+1,(100/((-1)*G30))+1)))*(IF(H30="",1,IF(H30>0,(H30/100)+1,(100/((-1)*H30))+1)))*(IF(I30="",1,IF(I30>0,(I30/100)+1,(100/((-1)*I30))+1)))*(IF(J30="",1,IF(J30>0,(J30/100)+1,(100/((-1)*J30))+1)))*(IF(K30="",1,IF(K30>0,(K30/100)+1,(100/((-1)*K30))+1)))*(IF(L30="",1,IF(L30>0,(L30/100)+1,(100/((-1)*L30))+1))))<2,((-100)/(((IF(C30="",1,IF(C30>0,(C30/100)+1,(100/((-1)*C30))+1)))*(IF(D30="",1,IF(D30>0,(D30/100)+1,(100/((-1)*D30))+1)))*(IF(E30="",1,IF(E30>0,(E30/100)+1,(100/((-1)*E30))+1)))*(IF(F30="",1,IF(F30>0,(F30/100)+1,(100/((-1)*F30))+1)))*(IF(G30="",1,IF(G30>0,(G30/100)+1,(100/((-1)*G30))+1)))*(IF(H30="",1,IF(H30>0,(H30/100)+1,(100/((-1)*H30))+1)))*(IF(I30="",1,IF(I30>0,(I30/100)+1,(100/((-1)*I30))+1)))*(IF(J30="",1,IF(J30>0,(J30/100)+1,(100/((-1)*J30))+1)))*(IF(K30="",1,IF(K30>0,(K30/100)+1,(100/((-1)*K30))+1)))*(IF(L30="",1,IF(L30>0,(L30/100)+1,(100/((-1)*L30))+1))))-1)),((((IF(C30="",1,IF(C30>0,(C30/100)+1,(100/((-1)*C30))+1)))*(IF(D30="",1,IF(D30>0,(D30/100)+1,(100/((-1)*D30))+1)))*(IF(E30="",1,IF(E30>0,(E30/100)+1,(100/((-1)*E30))+1)))*(IF(F30="",1,IF(F30>0,(F30/100)+1,(100/((-1)*F30))+1)))*(IF(G30="",1,IF(G30>0,(G30/100)+1,(100/((-1)*G30))+1)))*(IF(H30="",1,IF(H30>0,(H30/100)+1,(100/((-1)*H30))+1)))*(IF(I30="",1,IF(I30>0,(I30/100)+1,(100/((-1)*I30))+1)))*(IF(J30="",1,IF(J30>0,(J30/100)+1,(100/((-1)*J30))+1)))*(IF(K30="",1,IF(K30>0,(K30/100)+1,(100/((-1)*K30))+1)))*(IF(L30="",1,IF(L30>0,(L30/100)+1,(100/((-1)*L30))+1))))-1)*(100))))<0,(((-100)/((IF(((IF(C30="",1,IF(C30>0,(C30/100)+1,(100/((-1)*C30))+1)))*(IF(D30="",1,IF(D30>0,(D30/100)+1,(100/((-1)*D30))+1)))*(IF(E30="",1,IF(E30>0,(E30/100)+1,(100/((-1)*E30))+1)))*(IF(F30="",1,IF(F30>0,(F30/100)+1,(100/((-1)*F30))+1)))*(IF(G30="",1,IF(G30>0,(G30/100)+1,(100/((-1)*G30))+1)))*(IF(H30="",1,IF(H30>0,(H30/100)+1,(100/((-1)*H30))+1)))*(IF(I30="",1,IF(I30>0,(I30/100)+1,(100/((-1)*I30))+1)))*(IF(J30="",1,IF(J30>0,(J30/100)+1,(100/((-1)*J30))+1)))*(IF(K30="",1,IF(K30>0,(K30/100)+1,(100/((-1)*K30))+1)))*(IF(L30="",1,IF(L30>0,(L30/100)+1,(100/((-1)*L30))+1))))<2,((-100)/(((IF(C30="",1,IF(C30>0,(C30/100)+1,(100/((-1)*C30))+1)))*(IF(D30="",1,IF(D30>0,(D30/100)+1,(100/((-1)*D30))+1)))*(IF(E30="",1,IF(E30>0,(E30/100)+1,(100/((-1)*E30))+1)))*(IF(F30="",1,IF(F30>0,(F30/100)+1,(100/((-1)*F30))+1)))*(IF(G30="",1,IF(G30>0,(G30/100)+1,(100/((-1)*G30))+1)))*(IF(H30="",1,IF(H30>0,(H30/100)+1,(100/((-1)*H30))+1)))*(IF(I30="",1,IF(I30>0,(I30/100)+1,(100/((-1)*I30))+1)))*(IF(J30="",1,IF(J30>0,(J30/100)+1,(100/((-1)*J30))+1)))*(IF(K30="",1,IF(K30>0,(K30/100)+1,(100/((-1)*K30))+1)))*(IF(L30="",1,IF(L30>0,(L30/100)+1,(100/((-1)*L30))+1))))-1)),((((IF(C30="",1,IF(C30>0,(C30/100)+1,(100/((-1)*C30))+1)))*(IF(D30="",1,IF(D30>0,(D30/100)+1,(100/((-1)*D30))+1)))*(IF(E30="",1,IF(E30>0,(E30/100)+1,(100/((-1)*E30))+1)))*(IF(F30="",1,IF(F30>0,(F30/100)+1,(100/((-1)*F30))+1)))*(IF(G30="",1,IF(G30>0,(G30/100)+1,(100/((-1)*G30))+1)))*(IF(H30="",1,IF(H30>0,(H30/100)+1,(100/((-1)*H30))+1)))*(IF(I30="",1,IF(I30>0,(I30/100)+1,(100/((-1)*I30))+1)))*(IF(J30="",1,IF(J30>0,(J30/100)+1,(100/((-1)*J30))+1)))*(IF(K30="",1,IF(K30>0,(K30/100)+1,(100/((-1)*K30))+1)))*(IF(L30="",1,IF(L30>0,(L30/100)+1,(100/((-1)*L30))+1))))-1)*(100))))))*10),(((IF(((IF(C30="",1,IF(C30>0,(C30/100)+1,(100/((-1)*C30))+1)))*(IF(D30="",1,IF(D30>0,(D30/100)+1,(100/((-1)*D30))+1)))*(IF(E30="",1,IF(E30>0,(E30/100)+1,(100/((-1)*E30))+1)))*(IF(F30="",1,IF(F30>0,(F30/100)+1,(100/((-1)*F30))+1)))*(IF(G30="",1,IF(G30>0,(G30/100)+1,(100/((-1)*G30))+1)))*(IF(H30="",1,IF(H30>0,(H30/100)+1,(100/((-1)*H30))+1)))*(IF(I30="",1,IF(I30>0,(I30/100)+1,(100/((-1)*I30))+1)))*(IF(J30="",1,IF(J30>0,(J30/100)+1,(100/((-1)*J30))+1)))*(IF(K30="",1,IF(K30>0,(K30/100)+1,(100/((-1)*K30))+1)))*(IF(L30="",1,IF(L30>0,(L30/100)+1,(100/((-1)*L30))+1))))<2,((-100)/(((IF(C30="",1,IF(C30>0,(C30/100)+1,(100/((-1)*C30))+1)))*(IF(D30="",1,IF(D30>0,(D30/100)+1,(100/((-1)*D30))+1)))*(IF(E30="",1,IF(E30>0,(E30/100)+1,(100/((-1)*E30))+1)))*(IF(F30="",1,IF(F30>0,(F30/100)+1,(100/((-1)*F30))+1)))*(IF(G30="",1,IF(G30>0,(G30/100)+1,(100/((-1)*G30))+1)))*(IF(H30="",1,IF(H30>0,(H30/100)+1,(100/((-1)*H30))+1)))*(IF(I30="",1,IF(I30>0,(I30/100)+1,(100/((-1)*I30))+1)))*(IF(J30="",1,IF(J30>0,(J30/100)+1,(100/((-1)*J30))+1)))*(IF(K30="",1,IF(K30>0,(K30/100)+1,(100/((-1)*K30))+1)))*(IF(L30="",1,IF(L30>0,(L30/100)+1,(100/((-1)*L30))+1))))-1)),((((IF(C30="",1,IF(C30>0,(C30/100)+1,(100/((-1)*C30))+1)))*(IF(D30="",1,IF(D30>0,(D30/100)+1,(100/((-1)*D30))+1)))*(IF(E30="",1,IF(E30>0,(E30/100)+1,(100/((-1)*E30))+1)))*(IF(F30="",1,IF(F30>0,(F30/100)+1,(100/((-1)*F30))+1)))*(IF(G30="",1,IF(G30>0,(G30/100)+1,(100/((-1)*G30))+1)))*(IF(H30="",1,IF(H30>0,(H30/100)+1,(100/((-1)*H30))+1)))*(IF(I30="",1,IF(I30>0,(I30/100)+1,(100/((-1)*I30))+1)))*(IF(J30="",1,IF(J30>0,(J30/100)+1,(100/((-1)*J30))+1)))*(IF(K30="",1,IF(K30>0,(K30/100)+1,(100/((-1)*K30))+1)))*(IF(L30="",1,IF(L30>0,(L30/100)+1,(100/((-1)*L30))+1))))-1)*(100))))/100)*10)))
A31: Matchup
A32: Outcome | O32: This Week | P32: Cumulative
A33: W/L | N33: Best Handicapper | O33: =IFERROR(__xludf.DUMMYFUNCTION("IF(OR(COUNTA(C30:L30) = 0, COUNTA(C33:L33) = 0), """", IFERROR(TEXTJOIN("", "", TRUE, FILTER(C27:L27, (C33:L33 = ""W"") * (C30:L30 = MAX(FILTER(C30:L30, C33:L33 = ""W""))))), """"))"),"") | P33: =IFERROR(__xludf.DUMMYFUNCTION("IF(COUNTA(C38:L38) = 0, """", IFERROR(TEXTJOIN("", "", TRUE, FILTER(C27:L27, C38:L38 = MAX(C38:L38))), """"))"),"")
A34: Wins | C34: =IF(OR(C30="",C33=""),"",C21+COUNTIF(C33,"W")) | D34: =IF(OR(D30="",D33=""),"",D21+COUNTIF(D33,"W")) | E34: =IF(OR(E30="",E33=""),"",E21+COUNTIF(E33,"W")) | F34: =IF(OR(F30="",F33=""),"",F21+COUNTIF(F33,"W")) | G34: =IF(OR(G30="",G33=""),"",G21+COUNTIF(G33,"W")) | H34: =IF(OR(H30="",H33=""),"",H21+COUNTIF(H33,"W")) | I34: =IF(OR(I30="",I33=""),"",I21+COUNTIF(I33,"W")) | J34: =IF(OR(J30="",J33=""),"",J21+COUNTIF(J33,"W")) | ... L34: =IF(OR(L30="",L33=""),"",L21+COUNTIF(L33,"W")) | N34: Worst Handicapper | O34: =IFERROR(__xludf.DUMMYFUNCTION("IF(OR(COUNTA(C30:L30) = 0, COUNTA(C33:L33) = 0), """", IFERROR(TEXTJOIN("", "", TRUE, FILTER(C27:L27, (C33:L33 = ""L"") * (C30:L30 = MIN(FILTER(C30:L30, C33:L33 = ""L""))))), """"))"),"") | P34: =IFERROR(__xludf.DUMMYFUNCTION("IF(COUNTA(C38:L38) = 0, """", IFERROR(TEXTJOIN("", "", TRUE, FILTER(C27:L27, C38:L38 = MIN(C38:L38))), """"))"),"")
A35: Losses | C35: =IF(OR(C30="",C33=""),"",C22+COUNTIF(C33,"L")) | D35: =IF(OR(D30="",D33=""),"",D22+COUNTIF(D33,"L")) | E35: =IF(OR(E30="",E33=""),"",E22+COUNTIF(E33,"L")) | F35: =IF(OR(F30="",F33=""),"",F22+COUNTIF(F33,"L")) | G35: =IF(OR(G30="",G33=""),"",G22+COUNTIF(G33,"L")) | H35: =IF(OR(H30="",H33=""),"",H22+COUNTIF(H33,"L")) | I35: =IF(OR(I30="",I33=""),"",I22+COUNTIF(I33,"L")) | J35: =IF(OR(J30="",J33=""),"",J22+COUNTIF(J33,"L")) | ... L35: =IF(OR(L30="",L33=""),"",L22+COUNTIF(L33,"L")) | N35: Ballsiest Bettor | O35: =IFERROR(__xludf.DUMMYFUNCTION("IF(COUNTA(C30:L30) = 0, """", IFERROR(TEXTJOIN("", "", TRUE, FILTER(C27:L27, C30:L30 = MAX(C30:L30))), """"))"),"") | P35: =IFERROR(__xludf.DUMMYFUNCTION("IF(COUNTA(C30:L30) = 0, """", IFERROR(TEXTJOIN("", "", TRUE, FILTER(C27:L27, C37:L37 = MAX(C37:L37))), """"))"),"")
A36: Win % | C36: =IF(OR(C30="",C33=""),"",(C34/(C34+C35))) | D36: =IF(OR(D30="",D33=""),"",(D34/(D34+D35))) | E36: =IF(OR(E30="",E33=""),"",(E34/(E34+E35))) | F36: =IF(OR(F30="",F33=""),"",(F34/(F34+F35))) | G36: =IF(OR(G30="",G33=""),"",(G34/(G34+G35))) | H36: =IF(OR(H30="",H33=""),"",(H34/(H34+H35))) | I36: =IF(OR(I30="",I33=""),"",(I34/(I34+I35))) | J36: =IF(OR(J30="",J33=""),"",(J34/(J34+J35))) | ... L36: =IF(OR(L30="",L33=""),"",(L34/(L34+L35))) | N36: Parlay Pussy | O36: =IFERROR(__xludf.DUMMYFUNCTION("IF(COUNTA(C30:L30) = 0, """", IFERROR(TEXTJOIN("", "", TRUE, FILTER(C27:L27, C30:L30 = MIN(C30:L30))), """"))"),"") | P36: =IFERROR(__xludf.DUMMYFUNCTION("IF(COUNTA(C30:L30) = 0, """", IFERROR(TEXTJOIN("", "", TRUE, FILTER(C27:L27, C37:L37 = MIN(C37:L37))), """"))"),"")
A37: Average Odds | C37: =IF(C30="","",IF(((IF(C30 <0,((-100/C30)+1),((C30/100)+1))+(IF(C24<0,((-100/C24)+1),((C24/100)+1)))*(C21+C22))/(C21+C22+1))<2,(-100/(((IF(C30 <0,((-100/C30)+1),((C30/100)+1))+(IF(C24<0,((-100/C24)+1),((C24/100)+1)))*(C21+C22))/(C21+C22+1))-1)),(((IF(C30 <0,((-100/C30)+1),((C30/100)+1))+(IF(C24<0,((-100/C24)+1),((C24/100)+1)))*(C21+C22))/(C21+C22+1))-1)*100)) | D37: =IF(D30="","",IF(((IF(D30 <0,((-100/D30)+1),((D30/100)+1))+(IF(D24<0,((-100/D24)+1),((D24/100)+1)))*(D21+D22))/(D21+D22+1))<2,(-100/(((IF(D30 <0,((-100/D30)+1),((D30/100)+1))+(IF(D24<0,((-100/D24)+1),((D24/100)+1)))*(D21+D22))/(D21+D22+1))-1)),(((IF(D30 <0,((-100/D30)+1),((D30/100)+1))+(IF(D24<0,((-100/D24)+1),((D24/100)+1)))*(D21+D22))/(D21+D22+1))-1)*100)) | E37: =IF(E30="","",IF(((IF(E30 <0,((-100/E30)+1),((E30/100)+1))+(IF(E24<0,((-100/E24)+1),((E24/100)+1)))*(E21+E22))/(E21+E22+1))<2,(-100/(((IF(E30 <0,((-100/E30)+1),((E30/100)+1))+(IF(E24<0,((-100/E24)+1),((E24/100)+1)))*(E21+E22))/(E21+E22+1))-1)),(((IF(E30 <0,((-100/E30)+1),((E30/100)+1))+(IF(E24<0,((-100/E24)+1),((E24/100)+1)))*(E21+E22))/(E21+E22+1))-1)*100)) | F37: =IF(F30="","",IF(((IF(F30 <0,((-100/F30)+1),((F30/100)+1))+(IF(F24<0,((-100/F24)+1),((F24/100)+1)))*(F21+F22))/(F21+F22+1))<2,(-100/(((IF(F30 <0,((-100/F30)+1),((F30/100)+1))+(IF(F24<0,((-100/F24)+1),((F24/100)+1)))*(F21+F22))/(F21+F22+1))-1)),(((IF(F30 <0,((-100/F30)+1),((F30/100)+1))+(IF(F24<0,((-100/F24)+1),((F24/100)+1)))*(F21+F22))/(F21+F22+1))-1)*100)) | G37: =IF(G30="","",IF(((IF(G30 <0,((-100/G30)+1),((G30/100)+1))+(IF(G24<0,((-100/G24)+1),((G24/100)+1)))*(G21+G22))/(G21+G22+1))<2,(-100/(((IF(G30 <0,((-100/G30)+1),((G30/100)+1))+(IF(G24<0,((-100/G24)+1),((G24/100)+1)))*(G21+G22))/(G21+G22+1))-1)),(((IF(G30 <0,((-100/G30)+1),((G30/100)+1))+(IF(G24<0,((-100/G24)+1),((G24/100)+1)))*(G21+G22))/(G21+G22+1))-1)*100)) | H37: =IF(H30="","",IF(((IF(H30 <0,((-100/H30)+1),((H30/100)+1))+(IF(H24<0,((-100/H24)+1),((H24/100)+1)))*(H21+H22))/(H21+H22+1))<2,(-100/(((IF(H30 <0,((-100/H30)+1),((H30/100)+1))+(IF(H24<0,((-100/H24)+1),((H24/100)+1)))*(H21+H22))/(H21+H22+1))-1)),(((IF(H30 <0,((-100/H30)+1),((H30/100)+1))+(IF(H24<0,((-100/H24)+1),((H24/100)+1)))*(H21+H22))/(H21+H22+1))-1)*100)) | I37: =IF(I30="","",IF(((IF(I30 <0,((-100/I30)+1),((I30/100)+1))+(IF(I24<0,((-100/I24)+1),((I24/100)+1)))*(I21+I22))/(I21+I22+1))<2,(-100/(((IF(I30 <0,((-100/I30)+1),((I30/100)+1))+(IF(I24<0,((-100/I24)+1),((I24/100)+1)))*(I21+I22))/(I21+I22+1))-1)),(((IF(I30 <0,((-100/I30)+1),((I30/100)+1))+(IF(I24<0,((-100/I24)+1),((I24/100)+1)))*(I21+I22))/(I21+I22+1))-1)*100)) | J37: =IF(J30="","",IF(((IF(J30 <0,((-100/J30)+1),((J30/100)+1))+(IF(J24<0,((-100/J24)+1),((J24/100)+1)))*(J21+J22))/(J21+J22+1))<2,(-100/(((IF(J30 <0,((-100/J30)+1),((J30/100)+1))+(IF(J24<0,((-100/J24)+1),((J24/100)+1)))*(J21+J22))/(J21+J22+1))-1)),(((IF(J30 <0,((-100/J30)+1),((J30/100)+1))+(IF(J24<0,((-100/J24)+1),((J24/100)+1)))*(J21+J22))/(J21+J22+1))-1)*100)) | ... L37: =IF(L30="","",IF(((IF(L30 <0,((-100/L30)+1),((L30/100)+1))+(IF(L24<0,((-100/L24)+1),((L24/100)+1)))*(L21+L22))/(L21+L22+1))<2,(-100/(((IF(L30 <0,((-100/L30)+1),((L30/100)+1))+(IF(L24<0,((-100/L24)+1),((L24/100)+1)))*(L21+L22))/(L21+L22+1))-1)),(((IF(L30 <0,((-100/L30)+1),((L30/100)+1))+(IF(L24<0,((-100/L24)+1),((L24/100)+1)))*(L21+L22))/(L21+L22+1))-1)*100))
A38: "If I bet $10 every week" | C38: =IFERROR(__xludf.DUMMYFUNCTION("IF(OR(C30="""",C33=""""),"""",IF(REGEXMATCH(C33,""W""),IF(C30<0,((-100/C30))*10+C25,((C30/100)*10+C25)),-10+C25))"),"") | D38: =IFERROR(__xludf.DUMMYFUNCTION("IF(OR(D30="""",D33=""""),"""",IF(REGEXMATCH(D33,""W""),IF(D30<0,((-100/D30))*10+D25,((D30/100)*10+D25)),-10+D25))"),"") | E38: =IFERROR(__xludf.DUMMYFUNCTION("IF(OR(E30="""",E33=""""),"""",IF(REGEXMATCH(E33,""W""),IF(E30<0,((-100/E30))*10+E25,((E30/100)*10+E25)),-10+E25))"),"") | F38: =IFERROR(__xludf.DUMMYFUNCTION("IF(OR(F30="""",F33=""""),"""",IF(REGEXMATCH(F33,""W""),IF(F30<0,((-100/F30))*10+F25,((F30/100)*10+F25)),-10+F25))"),"") | G38: =IFERROR(__xludf.DUMMYFUNCTION("IF(OR(G30="""",G33=""""),"""",IF(REGEXMATCH(G33,""W""),IF(G30<0,((-100/G30))*10+G25,((G30/100)*10+G25)),-10+G25))"),"") | H38: =IFERROR(__xludf.DUMMYFUNCTION("IF(OR(H30="""",H33=""""),"""",IF(REGEXMATCH(H33,""W""),IF(H30<0,((-100/H30))*10+H25,((H30/100)*10+H25)),-10+H25))"),"") | I38: =IFERROR(__xludf.DUMMYFUNCTION("IF(OR(I30="""",I33=""""),"""",IF(REGEXMATCH(I33,""W""),IF(I30<0,((-100/I30))*10+I25,((I30/100)*10+I25)),-10+I25))"),"") | J38: =IFERROR(__xludf.DUMMYFUNCTION("IF(OR(J30="""",J33=""""),"""",IF(REGEXMATCH(J33,""W""),IF(J30<0,((-100/J30))*10+J25,((J30/100)*10+J25)),-10+J25))"),"") | K38: =IFERROR(__xludf.DUMMYFUNCTION("IF(OR(K30="""",K33=""""),"""",IF(REGEXMATCH(K33,""W""),IF(K30<0,((-100/K30))*10+K25,((K30/100)*10+K25)),-10+K25))"),"") | L38: =IFERROR(__xludf.DUMMYFUNCTION("IF(OR(L30="""",L33=""""),"""",IF(REGEXMATCH(L33,""W""),IF(L30<0,((-100/L30))*10+L25,((L30/100)*10+L25)),-10+L25))"),"") | N38: "If I placed all 10 bets @ $10 each week" | O38: =IFERROR(__xludf.DUMMYFUNCTION("IF(AND(C38="""",AND(D38="""",AND(E38="""",AND(F38="""",AND(G38="""",AND(H38="""",AND(I38="""",AND(J38="""",AND(K38="""",L38=""""))))))))),"""",(IF(C33="""",0,IF(REGEXMATCH(C33,""W""),IF(C30<0,((-100/C30))*10,((C30/100)*10)),-10))+IF(D33="""",0,IF(REGEXMAT"&"CH(D33,""W""),IF(D30<0,((-100/D30))*10,((D30/100)*10)),-10))+IF(E33="""",0,IF(REGEXMATCH(E33,""W""),IF(E30<0,((-100/E30))*10,((E30/100)*10)),-10))+IF(F33="""",0,IF(REGEXMATCH(F33,""W""),IF(F30<0,((-100/F30))*10,((F30/100)*10)),-10))+IF(G33="""",0,IF(REGEX"&"MATCH(G33,""W""),IF(G30<0,((-100/G30))*10,((G30/100)*10)),-10))+IF(H33="""",0,IF(REGEXMATCH(H33,""W""),IF(H30<0,((-100/H30))*10,((H30/100)*10)),-10))+IF(I33="""",0,IF(REGEXMATCH(I33,""W""),IF(I30<0,((-100/I30))*10,((I30/100)*10)),-10))+IF(J33="""",0,IF(RE"&"GEXMATCH(J33,""W""),IF(J30<0,((-100/J30))*10,((J30/100)*10)),-10))+IF(K33="""",0,IF(REGEXMATCH(K33,""W""),IF(K30<0,((-100/K30))*10,((K30/100)*10)),-10))+IF(L33="""",0,IF(REGEXMATCH(L33,""W""),IF(L30<0,((-100/L30))*10,((L30/100)*10)),-10))))"),"") | P38: =IFERROR(__xludf.DUMMYFUNCTION("IF(AND(C38="""",AND(D38="""",AND(E38="""",AND(F38="""",AND(G38="""",AND(H38="""",AND(I38="""",AND(J38="""",AND(K38="""",L38=""""))))))))),"""",(P25+IF(C33="""",0,IF(REGEXMATCH(C33,""W""),IF(C30<0,((-100/C30))*10,((C30/100)*10)),-10))+IF(D33="""",0,IF(REGE"&"XMATCH(D33,""W""),IF(D30<0,((-100/D30))*10,((D30/100)*10)),-10))+IF(E33="""",0,IF(REGEXMATCH(E33,""W""),IF(E30<0,((-100/E30))*10,((E30/100)*10)),-10))+IF(F33="""",0,IF(REGEXMATCH(F33,""W""),IF(F30<0,((-100/F30))*10,((F30/100)*10)),-10))+IF(G33="""",0,IF(R"&"EGEXMATCH(G33,""W""),IF(G30<0,((-100/G30))*10,((G30/100)*10)),-10))+IF(H33="""",0,IF(REGEXMATCH(H33,""W""),IF(H30<0,((-100/H30))*10,((H30/100)*10)),-10))+IF(I33="""",0,IF(REGEXMATCH(I33,""W""),IF(I30<0,((-100/I30))*10,((I30/100)*10)),-10))+IF(J33="""",0,I"&"F(REGEXMATCH(J33,""W""),IF(J30<0,((-100/J30))*10,((J30/100)*10)),-10))+IF(K33="""",0,IF(REGEXMATCH(K33,""W""),IF(K30<0,((-100/K30))*10,((K30/100)*10)),-10))+IF(L33="""",0,IF(REGEXMATCH(L33,""W""),IF(L30<0,((-100/L30))*10,((L30/100)*10)),-10))))"),"")
A40: Week 4 | C40: Austin | D40: Carson | E40: Clayton | F40: Dan | G40: Hunter | H40: Jake | I40: Nick | J40: Tanner | K40: Taylon | L40: Trey | O40: Parlay
A42: Pick | N42: Odds | O42: =IF(AND(C43="",AND(D43="",AND(E43="",AND(F43="",AND(G43="",AND(H43="",AND(I43="",AND(J43="",AND(K43="",L43=""))))))))),"",IF(((IF(C43="",1,IF(C43>0,(C43/100)+1,(100/((-1)*C43))+1)))*(IF(D43="",1,IF(D43>0,(D43/100)+1,(100/((-1)*D43))+1)))*(IF(E43="",1,IF(E43>0,(E43/100)+1,(100/((-1)*E43))+1)))*(IF(F43="",1,IF(F43>0,(F43/100)+1,(100/((-1)*F43))+1)))*(IF(G43="",1,IF(G43>0,(G43/100)+1,(100/((-1)*G43))+1)))*(IF(H43="",1,IF(H43>0,(H43/100)+1,(100/((-1)*H43))+1)))*(IF(I43="",1,IF(I43>0,(I43/100)+1,(100/((-1)*I43))+1)))*(IF(J43="",1,IF(J43>0,(J43/100)+1,(100/((-1)*J43))+1)))*(IF(K43="",1,IF(K43>0,(K43/100)+1,(100/((-1)*K43))+1)))*(IF(L43="",1,IF(L43>0,(L43/100)+1,(100/((-1)*L43))+1))))<2,((-100)/(((IF(C43="",1,IF(C43>0,(C43/100)+1,(100/((-1)*C43))+1)))*(IF(D43="",1,IF(D43>0,(D43/100)+1,(100/((-1)*D43))+1)))*(IF(E43="",1,IF(E43>0,(E43/100)+1,(100/((-1)*E43))+1)))*(IF(F43="",1,IF(F43>0,(F43/100)+1,(100/((-1)*F43))+1)))*(IF(G43="",1,IF(G43>0,(G43/100)+1,(100/((-1)*G43))+1)))*(IF(H43="",1,IF(H43>0,(H43/100)+1,(100/((-1)*H43))+1)))*(IF(I43="",1,IF(I43>0,(I43/100)+1,(100/((-1)*I43))+1)))*(IF(J43="",1,IF(J43>0,(J43/100)+1,(100/((-1)*J43))+1)))*(IF(K43="",1,IF(K43>0,(K43/100)+1,(100/((-1)*K43))+1)))*(IF(L43="",1,IF(L43>0,(L43/100)+1,(100/((-1)*L43))+1))))-1)),((((IF(C43="",1,IF(C43>0,(C43/100)+1,(100/((-1)*C43))+1)))*(IF(D43="",1,IF(D43>0,(D43/100)+1,(100/((-1)*D43))+1)))*(IF(E43="",1,IF(E43>0,(E43/100)+1,(100/((-1)*E43))+1)))*(IF(F43="",1,IF(F43>0,(F43/100)+1,(100/((-1)*F43))+1)))*(IF(G43="",1,IF(G43>0,(G43/100)+1,(100/((-1)*G43))+1)))*(IF(H43="",1,IF(H43>0,(H43/100)+1,(100/((-1)*H43))+1)))*(IF(I43="",1,IF(I43>0,(I43/100)+1,(100/((-1)*I43))+1)))*(IF(J43="",1,IF(J43>0,(J43/100)+1,(100/((-1)*J43))+1)))*(IF(K43="",1,IF(K43>0,(K43/100)+1,(100/((-1)*K43))+1)))*(IF(L43="",1,IF(L43>0,(L43/100)+1,(100/((-1)*L43))+1))))-1)*(100)))) | Q42: *Pick Made For Me*
A43: Odds | M43: 3 | N43: Return | O43: =IF(AND(C43="",AND(D43="",AND(E43="",AND(F43="",AND(G43="",AND(H43="",AND(I43="",AND(J43="",AND(K43="",L43=""))))))))),"",10+IF((IF(((IF(C43="",1,IF(C43>0,(C43/100)+1,(100/((-1)*C43))+1)))*(IF(D43="",1,IF(D43>0,(D43/100)+1,(100/((-1)*D43))+1)))*(IF(E43="",1,IF(E43>0,(E43/100)+1,(100/((-1)*E43))+1)))*(IF(F43="",1,IF(F43>0,(F43/100)+1,(100/((-1)*F43))+1)))*(IF(G43="",1,IF(G43>0,(G43/100)+1,(100/((-1)*G43))+1)))*(IF(H43="",1,IF(H43>0,(H43/100)+1,(100/((-1)*H43))+1)))*(IF(I43="",1,IF(I43>0,(I43/100)+1,(100/((-1)*I43))+1)))*(IF(J43="",1,IF(J43>0,(J43/100)+1,(100/((-1)*J43))+1)))*(IF(K43="",1,IF(K43>0,(K43/100)+1,(100/((-1)*K43))+1)))*(IF(L43="",1,IF(L43>0,(L43/100)+1,(100/((-1)*L43))+1))))<2,((-100)/(((IF(C43="",1,IF(C43>0,(C43/100)+1,(100/((-1)*C43))+1)))*(IF(D43="",1,IF(D43>0,(D43/100)+1,(100/((-1)*D43))+1)))*(IF(E43="",1,IF(E43>0,(E43/100)+1,(100/((-1)*E43))+1)))*(IF(F43="",1,IF(F43>0,(F43/100)+1,(100/((-1)*F43))+1)))*(IF(G43="",1,IF(G43>0,(G43/100)+1,(100/((-1)*G43))+1)))*(IF(H43="",1,IF(H43>0,(H43/100)+1,(100/((-1)*H43))+1)))*(IF(I43="",1,IF(I43>0,(I43/100)+1,(100/((-1)*I43))+1)))*(IF(J43="",1,IF(J43>0,(J43/100)+1,(100/((-1)*J43))+1)))*(IF(K43="",1,IF(K43>0,(K43/100)+1,(100/((-1)*K43))+1)))*(IF(L43="",1,IF(L43>0,(L43/100)+1,(100/((-1)*L43))+1))))-1)),((((IF(C43="",1,IF(C43>0,(C43/100)+1,(100/((-1)*C43))+1)))*(IF(D43="",1,IF(D43>0,(D43/100)+1,(100/((-1)*D43))+1)))*(IF(E43="",1,IF(E43>0,(E43/100)+1,(100/((-1)*E43))+1)))*(IF(F43="",1,IF(F43>0,(F43/100)+1,(100/((-1)*F43))+1)))*(IF(G43="",1,IF(G43>0,(G43/100)+1,(100/((-1)*G43))+1)))*(IF(H43="",1,IF(H43>0,(H43/100)+1,(100/((-1)*H43))+1)))*(IF(I43="",1,IF(I43>0,(I43/100)+1,(100/((-1)*I43))+1)))*(IF(J43="",1,IF(J43>0,(J43/100)+1,(100/((-1)*J43))+1)))*(IF(K43="",1,IF(K43>0,(K43/100)+1,(100/((-1)*K43))+1)))*(IF(L43="",1,IF(L43>0,(L43/100)+1,(100/((-1)*L43))+1))))-1)*(100))))<0,(((-100)/((IF(((IF(C43="",1,IF(C43>0,(C43/100)+1,(100/((-1)*C43))+1)))*(IF(D43="",1,IF(D43>0,(D43/100)+1,(100/((-1)*D43))+1)))*(IF(E43="",1,IF(E43>0,(E43/100)+1,(100/((-1)*E43))+1)))*(IF(F43="",1,IF(F43>0,(F43/100)+1,(100/((-1)*F43))+1)))*(IF(G43="",1,IF(G43>0,(G43/100)+1,(100/((-1)*G43))+1)))*(IF(H43="",1,IF(H43>0,(H43/100)+1,(100/((-1)*H43))+1)))*(IF(I43="",1,IF(I43>0,(I43/100)+1,(100/((-1)*I43))+1)))*(IF(J43="",1,IF(J43>0,(J43/100)+1,(100/((-1)*J43))+1)))*(IF(K43="",1,IF(K43>0,(K43/100)+1,(100/((-1)*K43))+1)))*(IF(L43="",1,IF(L43>0,(L43/100)+1,(100/((-1)*L43))+1))))<2,((-100)/(((IF(C43="",1,IF(C43>0,(C43/100)+1,(100/((-1)*C43))+1)))*(IF(D43="",1,IF(D43>0,(D43/100)+1,(100/((-1)*D43))+1)))*(IF(E43="",1,IF(E43>0,(E43/100)+1,(100/((-1)*E43))+1)))*(IF(F43="",1,IF(F43>0,(F43/100)+1,(100/((-1)*F43))+1)))*(IF(G43="",1,IF(G43>0,(G43/100)+1,(100/((-1)*G43))+1)))*(IF(H43="",1,IF(H43>0,(H43/100)+1,(100/((-1)*H43))+1)))*(IF(I43="",1,IF(I43>0,(I43/100)+1,(100/((-1)*I43))+1)))*(IF(J43="",1,IF(J43>0,(J43/100)+1,(100/((-1)*J43))+1)))*(IF(K43="",1,IF(K43>0,(K43/100)+1,(100/((-1)*K43))+1)))*(IF(L43="",1,IF(L43>0,(L43/100)+1,(100/((-1)*L43))+1))))-1)),((((IF(C43="",1,IF(C43>0,(C43/100)+1,(100/((-1)*C43))+1)))*(IF(D43="",1,IF(D43>0,(D43/100)+1,(100/((-1)*D43))+1)))*(IF(E43="",1,IF(E43>0,(E43/100)+1,(100/((-1)*E43))+1)))*(IF(F43="",1,IF(F43>0,(F43/100)+1,(100/((-1)*F43))+1)))*(IF(G43="",1,IF(G43>0,(G43/100)+1,(100/((-1)*G43))+1)))*(IF(H43="",1,IF(H43>0,(H43/100)+1,(100/((-1)*H43))+1)))*(IF(I43="",1,IF(I43>0,(I43/100)+1,(100/((-1)*I43))+1)))*(IF(J43="",1,IF(J43>0,(J43/100)+1,(100/((-1)*J43))+1)))*(IF(K43="",1,IF(K43>0,(K43/100)+1,(100/((-1)*K43))+1)))*(IF(L43="",1,IF(L43>0,(L43/100)+1,(100/((-1)*L43))+1))))-1)*(100))))))*10),(((IF(((IF(C43="",1,IF(C43>0,(C43/100)+1,(100/((-1)*C43))+1)))*(IF(D43="",1,IF(D43>0,(D43/100)+1,(100/((-1)*D43))+1)))*(IF(E43="",1,IF(E43>0,(E43/100)+1,(100/((-1)*E43))+1)))*(IF(F43="",1,IF(F43>0,(F43/100)+1,(100/((-1)*F43))+1)))*(IF(G43="",1,IF(G43>0,(G43/100)+1,(100/((-1)*G43))+1)))*(IF(H43="",1,IF(H43>0,(H43/100)+1,(100/((-1)*H43))+1)))*(IF(I43="",1,IF(I43>0,(I43/100)+1,(100/((-1)*I43))+1)))*(IF(J43="",1,IF(J43>0,(J43/100)+1,(100/((-1)*J43))+1)))*(IF(K43="",1,IF(K43>0,(K43/100)+1,(100/((-1)*K43))+1)))*(IF(L43="",1,IF(L43>0,(L43/100)+1,(100/((-1)*L43))+1))))<2,((-100)/(((IF(C43="",1,IF(C43>0,(C43/100)+1,(100/((-1)*C43))+1)))*(IF(D43="",1,IF(D43>0,(D43/100)+1,(100/((-1)*D43))+1)))*(IF(E43="",1,IF(E43>0,(E43/100)+1,(100/((-1)*E43))+1)))*(IF(F43="",1,IF(F43>0,(F43/100)+1,(100/((-1)*F43))+1)))*(IF(G43="",1,IF(G43>0,(G43/100)+1,(100/((-1)*G43))+1)))*(IF(H43="",1,IF(H43>0,(H43/100)+1,(100/((-1)*H43))+1)))*(IF(I43="",1,IF(I43>0,(I43/100)+1,(100/((-1)*I43))+1)))*(IF(J43="",1,IF(J43>0,(J43/100)+1,(100/((-1)*J43))+1)))*(IF(K43="",1,IF(K43>0,(K43/100)+1,(100/((-1)*K43))+1)))*(IF(L43="",1,IF(L43>0,(L43/100)+1,(100/((-1)*L43))+1))))-1)),((((IF(C43="",1,IF(C43>0,(C43/100)+1,(100/((-1)*C43))+1)))*(IF(D43="",1,IF(D43>0,(D43/100)+1,(100/((-1)*D43))+1)))*(IF(E43="",1,IF(E43>0,(E43/100)+1,(100/((-1)*E43))+1)))*(IF(F43="",1,IF(F43>0,(F43/100)+1,(100/((-1)*F43))+1)))*(IF(G43="",1,IF(G43>0,(G43/100)+1,(100/((-1)*G43))+1)))*(IF(H43="",1,IF(H43>0,(H43/100)+1,(100/((-1)*H43))+1)))*(IF(I43="",1,IF(I43>0,(I43/100)+1,(100/((-1)*I43))+1)))*(IF(J43="",1,IF(J43>0,(J43/100)+1,(100/((-1)*J43))+1)))*(IF(K43="",1,IF(K43>0,(K43/100)+1,(100/((-1)*K43))+1)))*(IF(L43="",1,IF(L43>0,(L43/100)+1,(100/((-1)*L43))+1))))-1)*(100))))/100)*10)))
A44: Matchup
A45: Outcome | O45: This Week | P45: Cumulative
A46: W/L | N46: Best Handicapper | O46: =IFERROR(__xludf.DUMMYFUNCTION("IF(OR(COUNTA(C43:L43) = 0, COUNTA(C46:L46) = 0), """", IFERROR(TEXTJOIN("", "", TRUE, FILTER(C40:L40, (C46:L46 = ""W"") * (C43:L43 = MAX(FILTER(C43:L43, C46:L46 = ""W""))))), """"))"),"") | P46: =IFERROR(__xludf.DUMMYFUNCTION("IF(COUNTA(C51:L51) = 0, """", IFERROR(TEXTJOIN("", "", TRUE, FILTER(C40:L40, C51:L51 = MAX(C51:L51))), """"))"),"")
A47: Wins | C47: =IF(OR(C43="",C46=""),"",C34+COUNTIF(C46,"W")) | D47: =IF(OR(D43="",D46=""),"",D34+COUNTIF(D46,"W")) | E47: =IF(OR(E43="",E46=""),"",E34+COUNTIF(E46,"W")) | F47: =IF(OR(F43="",F46=""),"",F34+COUNTIF(F46,"W")) | G47: =IF(OR(G43="",G46=""),"",G34+COUNTIF(G46,"W")) | H47: =IF(OR(H43="",H46=""),"",H34+COUNTIF(H46,"W")) | I47: =IF(OR(I43="",I46=""),"",I34+COUNTIF(I46,"W")) | J47: =IF(OR(J43="",J46=""),"",J34+COUNTIF(J46,"W")) | ... L47: =IF(OR(L43="",L46=""),"",L34+COUNTIF(L46,"W")) | N47: Worst Handicapper | O47: =IFERROR(__xludf.DUMMYFUNCTION("IF(OR(COUNTA(C43:L43) = 0, COUNTA(C46:L46) = 0), """", IFERROR(TEXTJOIN("", "", TRUE, FILTER(C40:L40, (C46:L46 = ""L"") * (C43:L43 = MIN(FILTER(C43:L43, C46:L46 = ""L""))))), """"))"),"") | P47: =IFERROR(__xludf.DUMMYFUNCTION("IF(COUNTA(C51:L51) = 0, """", IFERROR(TEXTJOIN("", "", TRUE, FILTER(C40:L40, C51:L51 = MIN(C51:L51))), """"))"),"")
A48: Losses | C48: =IF(OR(C43="",C46=""),"",C35+COUNTIF(C46,"L")) | D48: =IF(OR(D43="",D46=""),"",D35+COUNTIF(D46,"L")) | E48: =IF(OR(E43="",E46=""),"",E35+COUNTIF(E46,"L")) | F48: =IF(OR(F43="",F46=""),"",F35+COUNTIF(F46,"L")) | G48: =IF(OR(G43="",G46=""),"",G35+COUNTIF(G46,"L")) | H48: =IF(OR(H43="",H46=""),"",H35+COUNTIF(H46,"L")) | I48: =IF(OR(I43="",I46=""),"",I35+COUNTIF(I46,"L")) | J48: =IF(OR(J43="",J46=""),"",J35+COUNTIF(J46,"L")) | ... L48: =IF(OR(L43="",L46=""),"",L35+COUNTIF(L46,"L")) | N48: Ballsiest Bettor | O48: =IFERROR(__xludf.DUMMYFUNCTION("IF(COUNTA(C43:L43) = 0, """", IFERROR(TEXTJOIN("", "", TRUE, FILTER(C40:L40, C43:L43 = MAX(C43:L43))), """"))"),"") | P48: =IFERROR(__xludf.DUMMYFUNCTION("IF(COUNTA(C43:L43) = 0, """", IFERROR(TEXTJOIN("", "", TRUE, FILTER(C40:L40, C50:L50 = MAX(C50:L50))), """"))"),"")
A49: Win % | C49: =IF(OR(C43="",C46=""),"",(C47/(C47+C48))) | D49: =IF(OR(D43="",D46=""),"",(D47/(D47+D48))) | E49: =IF(OR(E43="",E46=""),"",(E47/(E47+E48))) | F49: =IF(OR(F43="",F46=""),"",(F47/(F47+F48))) | G49: =IF(OR(G43="",G46=""),"",(G47/(G47+G48))) | H49: =IF(OR(H43="",H46=""),"",(H47/(H47+H48))) | I49: =IF(OR(I43="",I46=""),"",(I47/(I47+I48))) | J49: =IF(OR(J43="",J46=""),"",(J47/(J47+J48))) | ... L49: =IF(OR(L43="",L46=""),"",(L47/(L47+L48))) | N49: Parlay Pussy | O49: =IFERROR(__xludf.DUMMYFUNCTION("IF(COUNTA(C43:L43) = 0, """", IFERROR(TEXTJOIN("", "", TRUE, FILTER(C40:L40, C43:L43 = MIN(C43:L43))), """"))"),"") | P49: =IFERROR(__xludf.DUMMYFUNCTION("IF(COUNTA(C43:L43) = 0, """", IFERROR(TEXTJOIN("", "", TRUE, FILTER(C40:L40, C50:L50 = MIN(C50:L50))), """"))"),"")
A50: Average Odds | C50: =IF(C43="","",IF(((IF(C43 <0,((-100/C43)+1),((C43/100)+1))+(IF(C37<0,((-100/C37)+1),((C37/100)+1)))*(C34+C35))/(C34+C35+1))<2,(-100/(((IF(C43 <0,((-100/C43)+1),((C43/100)+1))+(IF(C37<0,((-100/C37)+1),((C37/100)+1)))*(C34+C35))/(C34+C35+1))-1)),(((IF(C43 <0,((-100/C43)+1),((C43/100)+1))+(IF(C37<0,((-100/C37)+1),((C37/100)+1)))*(C34+C35))/(C34+C35+1))-1)*100)) | D50: =IF(D43="","",IF(((IF(D43 <0,((-100/D43)+1),((D43/100)+1))+(IF(D37<0,((-100/D37)+1),((D37/100)+1)))*(D34+D35))/(D34+D35+1))<2,(-100/(((IF(D43 <0,((-100/D43)+1),((D43/100)+1))+(IF(D37<0,((-100/D37)+1),((D37/100)+1)))*(D34+D35))/(D34+D35+1))-1)),(((IF(D43 <0,((-100/D43)+1),((D43/100)+1))+(IF(D37<0,((-100/D37)+1),((D37/100)+1)))*(D34+D35))/(D34+D35+1))-1)*100)) | E50: =IF(E43="","",IF(((IF(E43 <0,((-100/E43)+1),((E43/100)+1))+(IF(E37<0,((-100/E37)+1),((E37/100)+1)))*(E34+E35))/(E34+E35+1))<2,(-100/(((IF(E43 <0,((-100/E43)+1),((E43/100)+1))+(IF(E37<0,((-100/E37)+1),((E37/100)+1)))*(E34+E35))/(E34+E35+1))-1)),(((IF(E43 <0,((-100/E43)+1),((E43/100)+1))+(IF(E37<0,((-100/E37)+1),((E37/100)+1)))*(E34+E35))/(E34+E35+1))-1)*100)) | F50: =IF(F43="","",IF(((IF(F43 <0,((-100/F43)+1),((F43/100)+1))+(IF(F37<0,((-100/F37)+1),((F37/100)+1)))*(F34+F35))/(F34+F35+1))<2,(-100/(((IF(F43 <0,((-100/F43)+1),((F43/100)+1))+(IF(F37<0,((-100/F37)+1),((F37/100)+1)))*(F34+F35))/(F34+F35+1))-1)),(((IF(F43 <0,((-100/F43)+1),((F43/100)+1))+(IF(F37<0,((-100/F37)+1),((F37/100)+1)))*(F34+F35))/(F34+F35+1))-1)*100)) | G50: =IF(G43="","",IF(((IF(G43 <0,((-100/G43)+1),((G43/100)+1))+(IF(G37<0,((-100/G37)+1),((G37/100)+1)))*(G34+G35))/(G34+G35+1))<2,(-100/(((IF(G43 <0,((-100/G43)+1),((G43/100)+1))+(IF(G37<0,((-100/G37)+1),((G37/100)+1)))*(G34+G35))/(G34+G35+1))-1)),(((IF(G43 <0,((-100/G43)+1),((G43/100)+1))+(IF(G37<0,((-100/G37)+1),((G37/100)+1)))*(G34+G35))/(G34+G35+1))-1)*100)) | H50: =IF(H43="","",IF(((IF(H43 <0,((-100/H43)+1),((H43/100)+1))+(IF(H37<0,((-100/H37)+1),((H37/100)+1)))*(H34+H35))/(H34+H35+1))<2,(-100/(((IF(H43 <0,((-100/H43)+1),((H43/100)+1))+(IF(H37<0,((-100/H37)+1),((H37/100)+1)))*(H34+H35))/(H34+H35+1))-1)),(((IF(H43 <0,((-100/H43)+1),((H43/100)+1))+(IF(H37<0,((-100/H37)+1),((H37/100)+1)))*(H34+H35))/(H34+H35+1))-1)*100)) | I50: =IF(I43="","",IF(((IF(I43 <0,((-100/I43)+1),((I43/100)+1))+(IF(I37<0,((-100/I37)+1),((I37/100)+1)))*(I34+I35))/(I34+I35+1))<2,(-100/(((IF(I43 <0,((-100/I43)+1),((I43/100)+1))+(IF(I37<0,((-100/I37)+1),((I37/100)+1)))*(I34+I35))/(I34+I35+1))-1)),(((IF(I43 <0,((-100/I43)+1),((I43/100)+1))+(IF(I37<0,((-100/I37)+1),((I37/100)+1)))*(I34+I35))/(I34+I35+1))-1)*100)) | J50: =IF(J43="","",IF(((IF(J43 <0,((-100/J43)+1),((J43/100)+1))+(IF(J37<0,((-100/J37)+1),((J37/100)+1)))*(J34+J35))/(J34+J35+1))<2,(-100/(((IF(J43 <0,((-100/J43)+1),((J43/100)+1))+(IF(J37<0,((-100/J37)+1),((J37/100)+1)))*(J34+J35))/(J34+J35+1))-1)),(((IF(J43 <0,((-100/J43)+1),((J43/100)+1))+(IF(J37<0,((-100/J37)+1),((J37/100)+1)))*(J34+J35))/(J34+J35+1))-1)*100)) | ... L50: =IF(L43="","",IF(((IF(L43 <0,((-100/L43)+1),((L43/100)+1))+(IF(L37<0,((-100/L37)+1),((L37/100)+1)))*(L34+L35))/(L34+L35+1))<2,(-100/(((IF(L43 <0,((-100/L43)+1),((L43/100)+1))+(IF(L37<0,((-100/L37)+1),((L37/100)+1)))*(L34+L35))/(L34+L35+1))-1)),(((IF(L43 <0,((-100/L43)+1),((L43/100)+1))+(IF(L37<0,((-100/L37)+1),((L37/100)+1)))*(L34+L35))/(L34+L35+1))-1)*100))
A51: "If I bet $10 every week" | C51: =IFERROR(__xludf.DUMMYFUNCTION("IF(OR(C43="""",C46=""""),"""",IF(REGEXMATCH(C46,""W""),IF(C43<0,((-100/C43))*10+C38,((C43/100)*10+C38)),-10+C38))"),"") | D51: =IFERROR(__xludf.DUMMYFUNCTION("IF(OR(D43="""",D46=""""),"""",IF(REGEXMATCH(D46,""W""),IF(D43<0,((-100/D43))*10+D38,((D43/100)*10+D38)),-10+D38))"),"") | E51: =IFERROR(__xludf.DUMMYFUNCTION("IF(OR(E43="""",E46=""""),"""",IF(REGEXMATCH(E46,""W""),IF(E43<0,((-100/E43))*10+E38,((E43/100)*10+E38)),-10+E38))"),"") | F51: =IFERROR(__xludf.DUMMYFUNCTION("IF(OR(F43="""",F46=""""),"""",IF(REGEXMATCH(F46,""W""),IF(F43<0,((-100/F43))*10+F38,((F43/100)*10+F38)),-10+F38))"),"") | G51: =IFERROR(__xludf.DUMMYFUNCTION("IF(OR(G43="""",G46=""""),"""",IF(REGEXMATCH(G46,""W""),IF(G43<0,((-100/G43))*10+G38,((G43/100)*10+G38)),-10+G38))"),"") | H51: =IFERROR(__xludf.DUMMYFUNCTION("IF(OR(H43="""",H46=""""),"""",IF(REGEXMATCH(H46,""W""),IF(H43<0,((-100/H43))*10+H38,((H43/100)*10+H38)),-10+H38))"),"") | I51: =IFERROR(__xludf.DUMMYFUNCTION("IF(OR(I43="""",I46=""""),"""",IF(REGEXMATCH(I46,""W""),IF(I43<0,((-100/I43))*10+I38,((I43/100)*10+I38)),-10+I38))"),"") | J51: =IFERROR(__xludf.DUMMYFUNCTION("IF(OR(J43="""",J46=""""),"""",IF(REGEXMATCH(J46,""W""),IF(J43<0,((-100/J43))*10+J38,((J43/100)*10+J38)),-10+J38))"),"") | K51: =IFERROR(__xludf.DUMMYFUNCTION("IF(OR(K43="""",K46=""""),"""",IF(REGEXMATCH(K46,""W""),IF(K43<0,((-100/K43))*10+K38,((K43/100)*10+K38)),-10+K38))"),"") | L51: =IFERROR(__xludf.DUMMYFUNCTION("IF(OR(L43="""",L46=""""),"""",IF(REGEXMATCH(L46,""W""),IF(L43<0,((-100/L43))*10+L38,((L43/100)*10+L38)),-10+L38))"),"") | N51: "If I placed all 10 bets @ $10 each week" | O51: =IFERROR(__xludf.DUMMYFUNCTION("IF(AND(C51="""",AND(D51="""",AND(E51="""",AND(F51="""",AND(G51="""",AND(H51="""",AND(I51="""",AND(J51="""",AND(K51="""",L51=""""))))))))),"""",(IF(C46="""",0,IF(REGEXMATCH(C46,""W""),IF(C43<0,((-100/C43))*10,((C43/100)*10)),-10))+IF(D46="""",0,IF(REGEXMAT"&"CH(D46,""W""),IF(D43<0,((-100/D43))*10,((D43/100)*10)),-10))+IF(E46="""",0,IF(REGEXMATCH(E46,""W""),IF(E43<0,((-100/E43))*10,((E43/100)*10)),-10))+IF(F46="""",0,IF(REGEXMATCH(F46,""W""),IF(F43<0,((-100/F43))*10,((F43/100)*10)),-10))+IF(G46="""",0,IF(REGEX"&"MATCH(G46,""W""),IF(G43<0,((-100/G43))*10,((G43/100)*10)),-10))+IF(H46="""",0,IF(REGEXMATCH(H46,""W""),IF(H43<0,((-100/H43))*10,((H43/100)*10)),-10))+IF(I46="""",0,IF(REGEXMATCH(I46,""W""),IF(I43<0,((-100/I43))*10,((I43/100)*10)),-10))+IF(J46="""",0,IF(RE"&"GEXMATCH(J46,""W""),IF(J43<0,((-100/J43))*10,((J43/100)*10)),-10))+IF(K46="""",0,IF(REGEXMATCH(K46,""W""),IF(K43<0,((-100/K43))*10,((K43/100)*10)),-10))+IF(L46="""",0,IF(REGEXMATCH(L46,""W""),IF(L43<0,((-100/L43))*10,((L43/100)*10)),-10))))"),"") | P51: =IFERROR(__xludf.DUMMYFUNCTION("IF(AND(C51="""",AND(D51="""",AND(E51="""",AND(F51="""",AND(G51="""",AND(H51="""",AND(I51="""",AND(J51="""",AND(K51="""",L51=""""))))))))),"""",(P38+IF(C46="""",0,IF(REGEXMATCH(C46,""W""),IF(C43<0,((-100/C43))*10,((C43/100)*10)),-10))+IF(D46="""",0,IF(REGE"&"XMATCH(D46,""W""),IF(D43<0,((-100/D43))*10,((D43/100)*10)),-10))+IF(E46="""",0,IF(REGEXMATCH(E46,""W""),IF(E43<0,((-100/E43))*10,((E43/100)*10)),-10))+IF(F46="""",0,IF(REGEXMATCH(F46,""W""),IF(F43<0,((-100/F43))*10,((F43/100)*10)),-10))+IF(G46="""",0,IF(R"&"EGEXMATCH(G46,""W""),IF(G43<0,((-100/G43))*10,((G43/100)*10)),-10))+IF(H46="""",0,IF(REGEXMATCH(H46,""W""),IF(H43<0,((-100/H43))*10,((H43/100)*10)),-10))+IF(I46="""",0,IF(REGEXMATCH(I46,""W""),IF(I43<0,((-100/I43))*10,((I43/100)*10)),-10))+IF(J46="""",0,I"&"F(REGEXMATCH(J46,""W""),IF(J43<0,((-100/J43))*10,((J43/100)*10)),-10))+IF(K46="""",0,IF(REGEXMATCH(K46,""W""),IF(K43<0,((-100/K43))*10,((K43/100)*10)),-10))+IF(L46="""",0,IF(REGEXMATCH(L46,""W""),IF(L43<0,((-100/L43))*10,((L43/100)*10)),-10))))"),"")
A53: Week 5 | C53: Austin | D53: Carson | E53: Clayton | F53: Dan | G53: Hunter | H53: Jake | I53: Nick | J53: Tanner | K53: Taylon | L53: Trey | O53: Parlay
A55: Pick | N55: Odds | O55: =IF(AND(C56="",AND(D56="",AND(E56="",AND(F56="",AND(G56="",AND(H56="",AND(I56="",AND(J56="",AND(K56="",L56=""))))))))),"",IF(((IF(C56="",1,IF(C56>0,(C56/100)+1,(100/((-1)*C56))+1)))*(IF(D56="",1,IF(D56>0,(D56/100)+1,(100/((-1)*D56))+1)))*(IF(E56="",1,IF(E56>0,(E56/100)+1,(100/((-1)*E56))+1)))*(IF(F56="",1,IF(F56>0,(F56/100)+1,(100/((-1)*F56))+1)))*(IF(G56="",1,IF(G56>0,(G56/100)+1,(100/((-1)*G56))+1)))*(IF(H56="",1,IF(H56>0,(H56/100)+1,(100/((-1)*H56))+1)))*(IF(I56="",1,IF(I56>0,(I56/100)+1,(100/((-1)*I56))+1)))*(IF(J56="",1,IF(J56>0,(J56/100)+1,(100/((-1)*J56))+1)))*(IF(K56="",1,IF(K56>0,(K56/100)+1,(100/((-1)*K56))+1)))*(IF(L56="",1,IF(L56>0,(L56/100)+1,(100/((-1)*L56))+1))))<2,((-100)/(((IF(C56="",1,IF(C56>0,(C56/100)+1,(100/((-1)*C56))+1)))*(IF(D56="",1,IF(D56>0,(D56/100)+1,(100/((-1)*D56))+1)))*(IF(E56="",1,IF(E56>0,(E56/100)+1,(100/((-1)*E56))+1)))*(IF(F56="",1,IF(F56>0,(F56/100)+1,(100/((-1)*F56))+1)))*(IF(G56="",1,IF(G56>0,(G56/100)+1,(100/((-1)*G56))+1)))*(IF(H56="",1,IF(H56>0,(H56/100)+1,(100/((-1)*H56))+1)))*(IF(I56="",1,IF(I56>0,(I56/100)+1,(100/((-1)*I56))+1)))*(IF(J56="",1,IF(J56>0,(J56/100)+1,(100/((-1)*J56))+1)))*(IF(K56="",1,IF(K56>0,(K56/100)+1,(100/((-1)*K56))+1)))*(IF(L56="",1,IF(L56>0,(L56/100)+1,(100/((-1)*L56))+1))))-1)),((((IF(C56="",1,IF(C56>0,(C56/100)+1,(100/((-1)*C56))+1)))*(IF(D56="",1,IF(D56>0,(D56/100)+1,(100/((-1)*D56))+1)))*(IF(E56="",1,IF(E56>0,(E56/100)+1,(100/((-1)*E56))+1)))*(IF(F56="",1,IF(F56>0,(F56/100)+1,(100/((-1)*F56))+1)))*(IF(G56="",1,IF(G56>0,(G56/100)+1,(100/((-1)*G56))+1)))*(IF(H56="",1,IF(H56>0,(H56/100)+1,(100/((-1)*H56))+1)))*(IF(I56="",1,IF(I56>0,(I56/100)+1,(100/((-1)*I56))+1)))*(IF(J56="",1,IF(J56>0,(J56/100)+1,(100/((-1)*J56))+1)))*(IF(K56="",1,IF(K56>0,(K56/100)+1,(100/((-1)*K56))+1)))*(IF(L56="",1,IF(L56>0,(L56/100)+1,(100/((-1)*L56))+1))))-1)*(100)))) | Q55: *Pick Made For Me*
A56: Odds | M56: 4 | N56: Return | O56: =IF(AND(C56="",AND(D56="",AND(E56="",AND(F56="",AND(G56="",AND(H56="",AND(I56="",AND(J56="",AND(K56="",L56=""))))))))),"",10+IF((IF(((IF(C56="",1,IF(C56>0,(C56/100)+1,(100/((-1)*C56))+1)))*(IF(D56="",1,IF(D56>0,(D56/100)+1,(100/((-1)*D56))+1)))*(IF(E56="",1,IF(E56>0,(E56/100)+1,(100/((-1)*E56))+1)))*(IF(F56="",1,IF(F56>0,(F56/100)+1,(100/((-1)*F56))+1)))*(IF(G56="",1,IF(G56>0,(G56/100)+1,(100/((-1)*G56))+1)))*(IF(H56="",1,IF(H56>0,(H56/100)+1,(100/((-1)*H56))+1)))*(IF(I56="",1,IF(I56>0,(I56/100)+1,(100/((-1)*I56))+1)))*(IF(J56="",1,IF(J56>0,(J56/100)+1,(100/((-1)*J56))+1)))*(IF(K56="",1,IF(K56>0,(K56/100)+1,(100/((-1)*K56))+1)))*(IF(L56="",1,IF(L56>0,(L56/100)+1,(100/((-1)*L56))+1))))<2,((-100)/(((IF(C56="",1,IF(C56>0,(C56/100)+1,(100/((-1)*C56))+1)))*(IF(D56="",1,IF(D56>0,(D56/100)+1,(100/((-1)*D56))+1)))*(IF(E56="",1,IF(E56>0,(E56/100)+1,(100/((-1)*E56))+1)))*(IF(F56="",1,IF(F56>0,(F56/100)+1,(100/((-1)*F56))+1)))*(IF(G56="",1,IF(G56>0,(G56/100)+1,(100/((-1)*G56))+1)))*(IF(H56="",1,IF(H56>0,(H56/100)+1,(100/((-1)*H56))+1)))*(IF(I56="",1,IF(I56>0,(I56/100)+1,(100/((-1)*I56))+1)))*(IF(J56="",1,IF(J56>0,(J56/100)+1,(100/((-1)*J56))+1)))*(IF(K56="",1,IF(K56>0,(K56/100)+1,(100/((-1)*K56))+1)))*(IF(L56="",1,IF(L56>0,(L56/100)+1,(100/((-1)*L56))+1))))-1)),((((IF(C56="",1,IF(C56>0,(C56/100)+1,(100/((-1)*C56))+1)))*(IF(D56="",1,IF(D56>0,(D56/100)+1,(100/((-1)*D56))+1)))*(IF(E56="",1,IF(E56>0,(E56/100)+1,(100/((-1)*E56))+1)))*(IF(F56="",1,IF(F56>0,(F56/100)+1,(100/((-1)*F56))+1)))*(IF(G56="",1,IF(G56>0,(G56/100)+1,(100/((-1)*G56))+1)))*(IF(H56="",1,IF(H56>0,(H56/100)+1,(100/((-1)*H56))+1)))*(IF(I56="",1,IF(I56>0,(I56/100)+1,(100/((-1)*I56))+1)))*(IF(J56="",1,IF(J56>0,(J56/100)+1,(100/((-1)*J56))+1)))*(IF(K56="",1,IF(K56>0,(K56/100)+1,(100/((-1)*K56))+1)))*(IF(L56="",1,IF(L56>0,(L56/100)+1,(100/((-1)*L56))+1))))-1)*(100))))<0,(((-100)/((IF(((IF(C56="",1,IF(C56>0,(C56/100)+1,(100/((-1)*C56))+1)))*(IF(D56="",1,IF(D56>0,(D56/100)+1,(100/((-1)*D56))+1)))*(IF(E56="",1,IF(E56>0,(E56/100)+1,(100/((-1)*E56))+1)))*(IF(F56="",1,IF(F56>0,(F56/100)+1,(100/((-1)*F56))+1)))*(IF(G56="",1,IF(G56>0,(G56/100)+1,(100/((-1)*G56))+1)))*(IF(H56="",1,IF(H56>0,(H56/100)+1,(100/((-1)*H56))+1)))*(IF(I56="",1,IF(I56>0,(I56/100)+1,(100/((-1)*I56))+1)))*(IF(J56="",1,IF(J56>0,(J56/100)+1,(100/((-1)*J56))+1)))*(IF(K56="",1,IF(K56>0,(K56/100)+1,(100/((-1)*K56))+1)))*(IF(L56="",1,IF(L56>0,(L56/100)+1,(100/((-1)*L56))+1))))<2,((-100)/(((IF(C56="",1,IF(C56>0,(C56/100)+1,(100/((-1)*C56))+1)))*(IF(D56="",1,IF(D56>0,(D56/100)+1,(100/((-1)*D56))+1)))*(IF(E56="",1,IF(E56>0,(E56/100)+1,(100/((-1)*E56))+1)))*(IF(F56="",1,IF(F56>0,(F56/100)+1,(100/((-1)*F56))+1)))*(IF(G56="",1,IF(G56>0,(G56/100)+1,(100/((-1)*G56))+1)))*(IF(H56="",1,IF(H56>0,(H56/100)+1,(100/((-1)*H56))+1)))*(IF(I56="",1,IF(I56>0,(I56/100)+1,(100/((-1)*I56))+1)))*(IF(J56="",1,IF(J56>0,(J56/100)+1,(100/((-1)*J56))+1)))*(IF(K56="",1,IF(K56>0,(K56/100)+1,(100/((-1)*K56))+1)))*(IF(L56="",1,IF(L56>0,(L56/100)+1,(100/((-1)*L56))+1))))-1)),((((IF(C56="",1,IF(C56>0,(C56/100)+1,(100/((-1)*C56))+1)))*(IF(D56="",1,IF(D56>0,(D56/100)+1,(100/((-1)*D56))+1)))*(IF(E56="",1,IF(E56>0,(E56/100)+1,(100/((-1)*E56))+1)))*(IF(F56="",1,IF(F56>0,(F56/100)+1,(100/((-1)*F56))+1)))*(IF(G56="",1,IF(G56>0,(G56/100)+1,(100/((-1)*G56))+1)))*(IF(H56="",1,IF(H56>0,(H56/100)+1,(100/((-1)*H56))+1)))*(IF(I56="",1,IF(I56>0,(I56/100)+1,(100/((-1)*I56))+1)))*(IF(J56="",1,IF(J56>0,(J56/100)+1,(100/((-1)*J56))+1)))*(IF(K56="",1,IF(K56>0,(K56/100)+1,(100/((-1)*K56))+1)))*(IF(L56="",1,IF(L56>0,(L56/100)+1,(100/((-1)*L56))+1))))-1)*(100))))))*10),(((IF(((IF(C56="",1,IF(C56>0,(C56/100)+1,(100/((-1)*C56))+1)))*(IF(D56="",1,IF(D56>0,(D56/100)+1,(100/((-1)*D56))+1)))*(IF(E56="",1,IF(E56>0,(E56/100)+1,(100/((-1)*E56))+1)))*(IF(F56="",1,IF(F56>0,(F56/100)+1,(100/((-1)*F56))+1)))*(IF(G56="",1,IF(G56>0,(G56/100)+1,(100/((-1)*G56))+1)))*(IF(H56="",1,IF(H56>0,(H56/100)+1,(100/((-1)*H56))+1)))*(IF(I56="",1,IF(I56>0,(I56/100)+1,(100/((-1)*I56))+1)))*(IF(J56="",1,IF(J56>0,(J56/100)+1,(100/((-1)*J56))+1)))*(IF(K56="",1,IF(K56>0,(K56/100)+1,(100/((-1)*K56))+1)))*(IF(L56="",1,IF(L56>0,(L56/100)+1,(100/((-1)*L56))+1))))<2,((-100)/(((IF(C56="",1,IF(C56>0,(C56/100)+1,(100/((-1)*C56))+1)))*(IF(D56="",1,IF(D56>0,(D56/100)+1,(100/((-1)*D56))+1)))*(IF(E56="",1,IF(E56>0,(E56/100)+1,(100/((-1)*E56))+1)))*(IF(F56="",1,IF(F56>0,(F56/100)+1,(100/((-1)*F56))+1)))*(IF(G56="",1,IF(G56>0,(G56/100)+1,(100/((-1)*G56))+1)))*(IF(H56="",1,IF(H56>0,(H56/100)+1,(100/((-1)*H56))+1)))*(IF(I56="",1,IF(I56>0,(I56/100)+1,(100/((-1)*I56))+1)))*(IF(J56="",1,IF(J56>0,(J56/100)+1,(100/((-1)*J56))+1)))*(IF(K56="",1,IF(K56>0,(K56/100)+1,(100/((-1)*K56))+1)))*(IF(L56="",1,IF(L56>0,(L56/100)+1,(100/((-1)*L56))+1))))-1)),((((IF(C56="",1,IF(C56>0,(C56/100)+1,(100/((-1)*C56))+1)))*(IF(D56="",1,IF(D56>0,(D56/100)+1,(100/((-1)*D56))+1)))*(IF(E56="",1,IF(E56>0,(E56/100)+1,(100/((-1)*E56))+1)))*(IF(F56="",1,IF(F56>0,(F56/100)+1,(100/((-1)*F56))+1)))*(IF(G56="",1,IF(G56>0,(G56/100)+1,(100/((-1)*G56))+1)))*(IF(H56="",1,IF(H56>0,(H56/100)+1,(100/((-1)*H56))+1)))*(IF(I56="",1,IF(I56>0,(I56/100)+1,(100/((-1)*I56))+1)))*(IF(J56="",1,IF(J56>0,(J56/100)+1,(100/((-1)*J56))+1)))*(IF(K56="",1,IF(K56>0,(K56/100)+1,(100/((-1)*K56))+1)))*(IF(L56="",1,IF(L56>0,(L56/100)+1,(100/((-1)*L56))+1))))-1)*(100))))/100)*10)))
A57: Matchup
A58: Outcome | O58: This Week | P58: Cumulative
A59: W/L | N59: Best Handicapper | O59: =IFERROR(__xludf.DUMMYFUNCTION("IF(OR(COUNTA(C56:L56) = 0, COUNTA(C59:L59) = 0), """", IFERROR(TEXTJOIN("", "", TRUE, FILTER(C53:L53, (C59:L59 = ""W"") * (C56:L56 = MAX(FILTER(C56:L56, C59:L59 = ""W""))))), """"))"),"") | P59: =IFERROR(__xludf.DUMMYFUNCTION("IF(COUNTA(C64:L64) = 0, """", IFERROR(TEXTJOIN("", "", TRUE, FILTER(C53:L53, C64:L64 = MAX(C64:L64))), """"))"),"")
A60: Wins | C60: =IF(OR(C56="",C59=""),"",C47+COUNTIF(C59,"W")) | D60: =IF(OR(D56="",D59=""),"",D47+COUNTIF(D59,"W")) | E60: =IF(OR(E56="",E59=""),"",E47+COUNTIF(E59,"W")) | F60: =IF(OR(F56="",F59=""),"",F47+COUNTIF(F59,"W")) | G60: =IF(OR(G56="",G59=""),"",G47+COUNTIF(G59,"W")) | H60: =IF(OR(H56="",H59=""),"",H47+COUNTIF(H59,"W")) | I60: =IF(OR(I56="",I59=""),"",I47+COUNTIF(I59,"W")) | J60: =IF(OR(J56="",J59=""),"",J47+COUNTIF(J59,"W")) | ... L60: =IF(OR(L56="",L59=""),"",L47+COUNTIF(L59,"W")) | N60: Worst Handicapper | O60: =IFERROR(__xludf.DUMMYFUNCTION("IF(OR(COUNTA(C56:L56) = 0, COUNTA(C59:L59) = 0), """", IFERROR(TEXTJOIN("", "", TRUE, FILTER(C53:L53, (C59:L59 = ""L"") * (C56:L56 = MIN(FILTER(C56:L56, C59:L59 = ""L""))))), """"))"),"") | P60: =IFERROR(__xludf.DUMMYFUNCTION("IF(COUNTA(C64:L64) = 0, """", IFERROR(TEXTJOIN("", "", TRUE, FILTER(C53:L53, C64:L64 = MIN(C64:L64))), """"))"),"")
A61: Losses | C61: =IF(OR(C56="",C59=""),"",C48+COUNTIF(C59,"L")) | D61: =IF(OR(D56="",D59=""),"",D48+COUNTIF(D59,"L")) | E61: =IF(OR(E56="",E59=""),"",E48+COUNTIF(E59,"L")) | F61: =IF(OR(F56="",F59=""),"",F48+COUNTIF(F59,"L")) | G61: =IF(OR(G56="",G59=""),"",G48+COUNTIF(G59,"L")) | H61: =IF(OR(H56="",H59=""),"",H48+COUNTIF(H59,"L")) | I61: =IF(OR(I56="",I59=""),"",I48+COUNTIF(I59,"L")) | J61: =IF(OR(J56="",J59=""),"",J48+COUNTIF(J59,"L")) | ... L61: =IF(OR(L56="",L59=""),"",L48+COUNTIF(L59,"L")) | N61: Ballsiest Bettor | O61: =IFERROR(__xludf.DUMMYFUNCTION("IF(COUNTA(C56:L56) = 0, """", IFERROR(TEXTJOIN("", "", TRUE, FILTER(C53:L53, C56:L56 = MAX(C56:L56))), """"))"),"") | P61: =IFERROR(__xludf.DUMMYFUNCTION("IF(COUNTA(C56:L56) = 0, """", IFERROR(TEXTJOIN("", "", TRUE, FILTER(C53:L53, C63:L63 = MAX(C63:L63))), """"))"),"")
A62: Win % | C62: =IF(OR(C56="",C59=""),"",(C60/(C60+C61))) | D62: =IF(OR(D56="",D59=""),"",(D60/(D60+D61))) | E62: =IF(OR(E56="",E59=""),"",(E60/(E60+E61))) | F62: =IF(OR(F56="",F59=""),"",(F60/(F60+F61))) | G62: =IF(OR(G56="",G59=""),"",(G60/(G60+G61))) | H62: =IF(OR(H56="",H59=""),"",(H60/(H60+H61))) | I62: =IF(OR(I56="",I59=""),"",(I60/(I60+I61))) | J62: =IF(OR(J56="",J59=""),"",(J60/(J60+J61))) | ... L62: =IF(OR(L56="",L59=""),"",(L60/(L60+L61))) | N62: Parlay Pussy | O62: =IFERROR(__xludf.DUMMYFUNCTION("IF(COUNTA(C56:L56) = 0, """", IFERROR(TEXTJOIN("", "", TRUE, FILTER(C53:L53, C56:L56 = MIN(C56:L56))), """"))"),"") | P62: =IFERROR(__xludf.DUMMYFUNCTION("IF(COUNTA(C56:L56) = 0, """", IFERROR(TEXTJOIN("", "", TRUE, FILTER(C53:L53, C63:L63 = MIN(C63:L63))), """"))"),"")
A63: Average Odds | C63: =IF(C56="","",IF(((IF(C56 <0,((-100/C56)+1),((C56/100)+1))+(IF(C50<0,((-100/C50)+1),((C50/100)+1)))*(C47+C48))/(C47+C48+1))<2,(-100/(((IF(C56 <0,((-100/C56)+1),((C56/100)+1))+(IF(C50<0,((-100/C50)+1),((C50/100)+1)))*(C47+C48))/(C47+C48+1))-1)),(((IF(C56 <0,((-100/C56)+1),((C56/100)+1))+(IF(C50<0,((-100/C50)+1),((C50/100)+1)))*(C47+C48))/(C47+C48+1))-1)*100)) | D63: =IF(D56="","",IF(((IF(D56 <0,((-100/D56)+1),((D56/100)+1))+(IF(D50<0,((-100/D50)+1),((D50/100)+1)))*(D47+D48))/(D47+D48+1))<2,(-100/(((IF(D56 <0,((-100/D56)+1),((D56/100)+1))+(IF(D50<0,((-100/D50)+1),((D50/100)+1)))*(D47+D48))/(D47+D48+1))-1)),(((IF(D56 <0,((-100/D56)+1),((D56/100)+1))+(IF(D50<0,((-100/D50)+1),((D50/100)+1)))*(D47+D48))/(D47+D48+1))-1)*100)) | E63: =IF(E56="","",IF(((IF(E56 <0,((-100/E56)+1),((E56/100)+1))+(IF(E50<0,((-100/E50)+1),((E50/100)+1)))*(E47+E48))/(E47+E48+1))<2,(-100/(((IF(E56 <0,((-100/E56)+1),((E56/100)+1))+(IF(E50<0,((-100/E50)+1),((E50/100)+1)))*(E47+E48))/(E47+E48+1))-1)),(((IF(E56 <0,((-100/E56)+1),((E56/100)+1))+(IF(E50<0,((-100/E50)+1),((E50/100)+1)))*(E47+E48))/(E47+E48+1))-1)*100)) | F63: =IF(F56="","",IF(((IF(F56 <0,((-100/F56)+1),((F56/100)+1))+(IF(F50<0,((-100/F50)+1),((F50/100)+1)))*(F47+F48))/(F47+F48+1))<2,(-100/(((IF(F56 <0,((-100/F56)+1),((F56/100)+1))+(IF(F50<0,((-100/F50)+1),((F50/100)+1)))*(F47+F48))/(F47+F48+1))-1)),(((IF(F56 <0,((-100/F56)+1),((F56/100)+1))+(IF(F50<0,((-100/F50)+1),((F50/100)+1)))*(F47+F48))/(F47+F48+1))-1)*100)) | G63: =IF(G56="","",IF(((IF(G56 <0,((-100/G56)+1),((G56/100)+1))+(IF(G50<0,((-100/G50)+1),((G50/100)+1)))*(G47+G48))/(G47+G48+1))<2,(-100/(((IF(G56 <0,((-100/G56)+1),((G56/100)+1))+(IF(G50<0,((-100/G50)+1),((G50/100)+1)))*(G47+G48))/(G47+G48+1))-1)),(((IF(G56 <0,((-100/G56)+1),((G56/100)+1))+(IF(G50<0,((-100/G50)+1),((G50/100)+1)))*(G47+G48))/(G47+G48+1))-1)*100)) | H63: =IF(H56="","",IF(((IF(H56 <0,((-100/H56)+1),((H56/100)+1))+(IF(H50<0,((-100/H50)+1),((H50/100)+1)))*(H47+H48))/(H47+H48+1))<2,(-100/(((IF(H56 <0,((-100/H56)+1),((H56/100)+1))+(IF(H50<0,((-100/H50)+1),((H50/100)+1)))*(H47+H48))/(H47+H48+1))-1)),(((IF(H56 <0,((-100/H56)+1),((H56/100)+1))+(IF(H50<0,((-100/H50)+1),((H50/100)+1)))*(H47+H48))/(H47+H48+1))-1)*100)) | I63: =IF(I56="","",IF(((IF(I56 <0,((-100/I56)+1),((I56/100)+1))+(IF(I50<0,((-100/I50)+1),((I50/100)+1)))*(I47+I48))/(I47+I48+1))<2,(-100/(((IF(I56 <0,((-100/I56)+1),((I56/100)+1))+(IF(I50<0,((-100/I50)+1),((I50/100)+1)))*(I47+I48))/(I47+I48+1))-1)),(((IF(I56 <0,((-100/I56)+1),((I56/100)+1))+(IF(I50<0,((-100/I50)+1),((I50/100)+1)))*(I47+I48))/(I47+I48+1))-1)*100)) | J63: =IF(J56="","",IF(((IF(J56 <0,((-100/J56)+1),((J56/100)+1))+(IF(J50<0,((-100/J50)+1),((J50/100)+1)))*(J47+J48))/(J47+J48+1))<2,(-100/(((IF(J56 <0,((-100/J56)+1),((J56/100)+1))+(IF(J50<0,((-100/J50)+1),((J50/100)+1)))*(J47+J48))/(J47+J48+1))-1)),(((IF(J56 <0,((-100/J56)+1),((J56/100)+1))+(IF(J50<0,((-100/J50)+1),((J50/100)+1)))*(J47+J48))/(J47+J48+1))-1)*100)) | ... L63: =IF(L56="","",IF(((IF(L56 <0,((-100/L56)+1),((L56/100)+1))+(IF(L50<0,((-100/L50)+1),((L50/100)+1)))*(L47+L48))/(L47+L48+1))<2,(-100/(((IF(L56 <0,((-100/L56)+1),((L56/100)+1))+(IF(L50<0,((-100/L50)+1),((L50/100)+1)))*(L47+L48))/(L47+L48+1))-1)),(((IF(L56 <0,((-100/L56)+1),((L56/100)+1))+(IF(L50<0,((-100/L50)+1),((L50/100)+1)))*(L47+L48))/(L47+L48+1))-1)*100))
A64: "If I bet $10 every week" | C64: =IFERROR(__xludf.DUMMYFUNCTION("IF(OR(C56="""",C59=""""),"""",IF(REGEXMATCH(C59,""W""),IF(C56<0,((-100/C56))*10+C51,((C56/100)*10+C51)),-10+C51))"),"") | D64: =IFERROR(__xludf.DUMMYFUNCTION("IF(OR(D56="""",D59=""""),"""",IF(REGEXMATCH(D59,""W""),IF(D56<0,((-100/D56))*10+D51,((D56/100)*10+D51)),-10+D51))"),"") | E64: =IFERROR(__xludf.DUMMYFUNCTION("IF(OR(E56="""",E59=""""),"""",IF(REGEXMATCH(E59,""W""),IF(E56<0,((-100/E56))*10+E51,((E56/100)*10+E51)),-10+E51))"),"") | F64: =IFERROR(__xludf.DUMMYFUNCTION("IF(OR(F56="""",F59=""""),"""",IF(REGEXMATCH(F59,""W""),IF(F56<0,((-100/F56))*10+F51,((F56/100)*10+F51)),-10+F51))"),"") | G64: =IFERROR(__xludf.DUMMYFUNCTION("IF(OR(G56="""",G59=""""),"""",IF(REGEXMATCH(G59,""W""),IF(G56<0,((-100/G56))*10+G51,((G56/100)*10+G51)),-10+G51))"),"") | H64: =IFERROR(__xludf.DUMMYFUNCTION("IF(OR(H56="""",H59=""""),"""",IF(REGEXMATCH(H59,""W""),IF(H56<0,((-100/H56))*10+H51,((H56/100)*10+H51)),-10+H51))"),"") | I64: =IFERROR(__xludf.DUMMYFUNCTION("IF(OR(I56="""",I59=""""),"""",IF(REGEXMATCH(I59,""W""),IF(I56<0,((-100/I56))*10+I51,((I56/100)*10+I51)),-10+I51))"),"") | J64: =IFERROR(__xludf.DUMMYFUNCTION("IF(OR(J56="""",J59=""""),"""",IF(REGEXMATCH(J59,""W""),IF(J56<0,((-100/J56))*10+J51,((J56/100)*10+J51)),-10+J51))"),"") | K64: =IFERROR(__xludf.DUMMYFUNCTION("IF(OR(K56="""",K59=""""),"""",IF(REGEXMATCH(K59,""W""),IF(K56<0,((-100/K56))*10+K51,((K56/100)*10+K51)),-10+K51))"),"") | L64: =IFERROR(__xludf.DUMMYFUNCTION("IF(OR(L56="""",L59=""""),"""",IF(REGEXMATCH(L59,""W""),IF(L56<0,((-100/L56))*10+L51,((L56/100)*10+L51)),-10+L51))"),"") | N64: "If I placed all 10 bets @ $10 each week" | O64: =IFERROR(__xludf.DUMMYFUNCTION("IF(AND(C64="""",AND(D64="""",AND(E64="""",AND(F64="""",AND(G64="""",AND(H64="""",AND(I64="""",AND(J64="""",AND(K64="""",L64=""""))))))))),"""",(IF(C59="""",0,IF(REGEXMATCH(C59,""W""),IF(C56<0,((-100/C56))*10,((C56/100)*10)),-10))+IF(D59="""",0,IF(REGEXMAT"&"CH(D59,""W""),IF(D56<0,((-100/D56))*10,((D56/100)*10)),-10))+IF(E59="""",0,IF(REGEXMATCH(E59,""W""),IF(E56<0,((-100/E56))*10,((E56/100)*10)),-10))+IF(F59="""",0,IF(REGEXMATCH(F59,""W""),IF(F56<0,((-100/F56))*10,((F56/100)*10)),-10))+IF(G59="""",0,IF(REGEX"&"MATCH(G59,""W""),IF(G56<0,((-100/G56))*10,((G56/100)*10)),-10))+IF(H59="""",0,IF(REGEXMATCH(H59,""W""),IF(H56<0,((-100/H56))*10,((H56/100)*10)),-10))+IF(I59="""",0,IF(REGEXMATCH(I59,""W""),IF(I56<0,((-100/I56))*10,((I56/100)*10)),-10))+IF(J59="""",0,IF(RE"&"GEXMATCH(J59,""W""),IF(J56<0,((-100/J56))*10,((J56/100)*10)),-10))+IF(K59="""",0,IF(REGEXMATCH(K59,""W""),IF(K56<0,((-100/K56))*10,((K56/100)*10)),-10))+IF(L59="""",0,IF(REGEXMATCH(L59,""W""),IF(L56<0,((-100/L56))*10,((L56/100)*10)),-10))))"),"") | P64: =IFERROR(__xludf.DUMMYFUNCTION("IF(AND(C64="""",AND(D64="""",AND(E64="""",AND(F64="""",AND(G64="""",AND(H64="""",AND(I64="""",AND(J64="""",AND(K64="""",L64=""""))))))))),"""",(P51+IF(C59="""",0,IF(REGEXMATCH(C59,""W""),IF(C56<0,((-100/C56))*10,((C56/100)*10)),-10))+IF(D59="""",0,IF(REGE"&"XMATCH(D59,""W""),IF(D56<0,((-100/D56))*10,((D56/100)*10)),-10))+IF(E59="""",0,IF(REGEXMATCH(E59,""W""),IF(E56<0,((-100/E56))*10,((E56/100)*10)),-10))+IF(F59="""",0,IF(REGEXMATCH(F59,""W""),IF(F56<0,((-100/F56))*10,((F56/100)*10)),-10))+IF(G59="""",0,IF(R"&"EGEXMATCH(G59,""W""),IF(G56<0,((-100/G56))*10,((G56/100)*10)),-10))+IF(H59="""",0,IF(REGEXMATCH(H59,""W""),IF(H56<0,((-100/H56))*10,((H56/100)*10)),-10))+IF(I59="""",0,IF(REGEXMATCH(I59,""W""),IF(I56<0,((-100/I56))*10,((I56/100)*10)),-10))+IF(J59="""",0,I"&"F(REGEXMATCH(J59,""W""),IF(J56<0,((-100/J56))*10,((J56/100)*10)),-10))+IF(K59="""",0,IF(REGEXMATCH(K59,""W""),IF(K56<0,((-100/K56))*10,((K56/100)*10)),-10))+IF(L59="""",0,IF(REGEXMATCH(L59,""W""),IF(L56<0,((-100/L56))*10,((L56/100)*10)),-10))))"),"")
A66: Week 6 | C66: Austin | D66: Carson | E66: Clayton | F66: Dan | G66: Hunter | H66: Jake | I66: Nick | J66: Tanner | K66: Taylon | L66: Trey | O66: Parlay
A68: Pick | N68: Odds | O68: =IF(AND(C69="",AND(D69="",AND(E69="",AND(F69="",AND(G69="",AND(H69="",AND(I69="",AND(J69="",AND(K69="",L69=""))))))))),"",IF(((IF(C69="",1,IF(C69>0,(C69/100)+1,(100/((-1)*C69))+1)))*(IF(D69="",1,IF(D69>0,(D69/100)+1,(100/((-1)*D69))+1)))*(IF(E69="",1,IF(E69>0,(E69/100)+1,(100/((-1)*E69))+1)))*(IF(F69="",1,IF(F69>0,(F69/100)+1,(100/((-1)*F69))+1)))*(IF(G69="",1,IF(G69>0,(G69/100)+1,(100/((-1)*G69))+1)))*(IF(H69="",1,IF(H69>0,(H69/100)+1,(100/((-1)*H69))+1)))*(IF(I69="",1,IF(I69>0,(I69/100)+1,(100/((-1)*I69))+1)))*(IF(J69="",1,IF(J69>0,(J69/100)+1,(100/((-1)*J69))+1)))*(IF(K69="",1,IF(K69>0,(K69/100)+1,(100/((-1)*K69))+1)))*(IF(L69="",1,IF(L69>0,(L69/100)+1,(100/((-1)*L69))+1))))<2,((-100)/(((IF(C69="",1,IF(C69>0,(C69/100)+1,(100/((-1)*C69))+1)))*(IF(D69="",1,IF(D69>0,(D69/100)+1,(100/((-1)*D69))+1)))*(IF(E69="",1,IF(E69>0,(E69/100)+1,(100/((-1)*E69))+1)))*(IF(F69="",1,IF(F69>0,(F69/100)+1,(100/((-1)*F69))+1)))*(IF(G69="",1,IF(G69>0,(G69/100)+1,(100/((-1)*G69))+1)))*(IF(H69="",1,IF(H69>0,(H69/100)+1,(100/((-1)*H69))+1)))*(IF(I69="",1,IF(I69>0,(I69/100)+1,(100/((-1)*I69))+1)))*(IF(J69="",1,IF(J69>0,(J69/100)+1,(100/((-1)*J69))+1)))*(IF(K69="",1,IF(K69>0,(K69/100)+1,(100/((-1)*K69))+1)))*(IF(L69="",1,IF(L69>0,(L69/100)+1,(100/((-1)*L69))+1))))-1)),((((IF(C69="",1,IF(C69>0,(C69/100)+1,(100/((-1)*C69))+1)))*(IF(D69="",1,IF(D69>0,(D69/100)+1,(100/((-1)*D69))+1)))*(IF(E69="",1,IF(E69>0,(E69/100)+1,(100/((-1)*E69))+1)))*(IF(F69="",1,IF(F69>0,(F69/100)+1,(100/((-1)*F69))+1)))*(IF(G69="",1,IF(G69>0,(G69/100)+1,(100/((-1)*G69))+1)))*(IF(H69="",1,IF(H69>0,(H69/100)+1,(100/((-1)*H69))+1)))*(IF(I69="",1,IF(I69>0,(I69/100)+1,(100/((-1)*I69))+1)))*(IF(J69="",1,IF(J69>0,(J69/100)+1,(100/((-1)*J69))+1)))*(IF(K69="",1,IF(K69>0,(K69/100)+1,(100/((-1)*K69))+1)))*(IF(L69="",1,IF(L69>0,(L69/100)+1,(100/((-1)*L69))+1))))-1)*(100)))) | Q68: *Pick Made For Me*
A69: Odds | M69: 5 | N69: Return | O69: =IF(AND(C69="",AND(D69="",AND(E69="",AND(F69="",AND(G69="",AND(H69="",AND(I69="",AND(J69="",AND(K69="",L69=""))))))))),"",10+IF((IF(((IF(C69="",1,IF(C69>0,(C69/100)+1,(100/((-1)*C69))+1)))*(IF(D69="",1,IF(D69>0,(D69/100)+1,(100/((-1)*D69))+1)))*(IF(E69="",1,IF(E69>0,(E69/100)+1,(100/((-1)*E69))+1)))*(IF(F69="",1,IF(F69>0,(F69/100)+1,(100/((-1)*F69))+1)))*(IF(G69="",1,IF(G69>0,(G69/100)+1,(100/((-1)*G69))+1)))*(IF(H69="",1,IF(H69>0,(H69/100)+1,(100/((-1)*H69))+1)))*(IF(I69="",1,IF(I69>0,(I69/100)+1,(100/((-1)*I69))+1)))*(IF(J69="",1,IF(J69>0,(J69/100)+1,(100/((-1)*J69))+1)))*(IF(K69="",1,IF(K69>0,(K69/100)+1,(100/((-1)*K69))+1)))*(IF(L69="",1,IF(L69>0,(L69/100)+1,(100/((-1)*L69))+1))))<2,((-100)/(((IF(C69="",1,IF(C69>0,(C69/100)+1,(100/((-1)*C69))+1)))*(IF(D69="",1,IF(D69>0,(D69/100)+1,(100/((-1)*D69))+1)))*(IF(E69="",1,IF(E69>0,(E69/100)+1,(100/((-1)*E69))+1)))*(IF(F69="",1,IF(F69>0,(F69/100)+1,(100/((-1)*F69))+1)))*(IF(G69="",1,IF(G69>0,(G69/100)+1,(100/((-1)*G69))+1)))*(IF(H69="",1,IF(H69>0,(H69/100)+1,(100/((-1)*H69))+1)))*(IF(I69="",1,IF(I69>0,(I69/100)+1,(100/((-1)*I69))+1)))*(IF(J69="",1,IF(J69>0,(J69/100)+1,(100/((-1)*J69))+1)))*(IF(K69="",1,IF(K69>0,(K69/100)+1,(100/((-1)*K69))+1)))*(IF(L69="",1,IF(L69>0,(L69/100)+1,(100/((-1)*L69))+1))))-1)),((((IF(C69="",1,IF(C69>0,(C69/100)+1,(100/((-1)*C69))+1)))*(IF(D69="",1,IF(D69>0,(D69/100)+1,(100/((-1)*D69))+1)))*(IF(E69="",1,IF(E69>0,(E69/100)+1,(100/((-1)*E69))+1)))*(IF(F69="",1,IF(F69>0,(F69/100)+1,(100/((-1)*F69))+1)))*(IF(G69="",1,IF(G69>0,(G69/100)+1,(100/((-1)*G69))+1)))*(IF(H69="",1,IF(H69>0,(H69/100)+1,(100/((-1)*H69))+1)))*(IF(I69="",1,IF(I69>0,(I69/100)+1,(100/((-1)*I69))+1)))*(IF(J69="",1,IF(J69>0,(J69/100)+1,(100/((-1)*J69))+1)))*(IF(K69="",1,IF(K69>0,(K69/100)+1,(100/((-1)*K69))+1)))*(IF(L69="",1,IF(L69>0,(L69/100)+1,(100/((-1)*L69))+1))))-1)*(100))))<0,(((-100)/((IF(((IF(C69="",1,IF(C69>0,(C69/100)+1,(100/((-1)*C69))+1)))*(IF(D69="",1,IF(D69>0,(D69/100)+1,(100/((-1)*D69))+1)))*(IF(E69="",1,IF(E69>0,(E69/100)+1,(100/((-1)*E69))+1)))*(IF(F69="",1,IF(F69>0,(F69/100)+1,(100/((-1)*F69))+1)))*(IF(G69="",1,IF(G69>0,(G69/100)+1,(100/((-1)*G69))+1)))*(IF(H69="",1,IF(H69>0,(H69/100)+1,(100/((-1)*H69))+1)))*(IF(I69="",1,IF(I69>0,(I69/100)+1,(100/((-1)*I69))+1)))*(IF(J69="",1,IF(J69>0,(J69/100)+1,(100/((-1)*J69))+1)))*(IF(K69="",1,IF(K69>0,(K69/100)+1,(100/((-1)*K69))+1)))*(IF(L69="",1,IF(L69>0,(L69/100)+1,(100/((-1)*L69))+1))))<2,((-100)/(((IF(C69="",1,IF(C69>0,(C69/100)+1,(100/((-1)*C69))+1)))*(IF(D69="",1,IF(D69>0,(D69/100)+1,(100/((-1)*D69))+1)))*(IF(E69="",1,IF(E69>0,(E69/100)+1,(100/((-1)*E69))+1)))*(IF(F69="",1,IF(F69>0,(F69/100)+1,(100/((-1)*F69))+1)))*(IF(G69="",1,IF(G69>0,(G69/100)+1,(100/((-1)*G69))+1)))*(IF(H69="",1,IF(H69>0,(H69/100)+1,(100/((-1)*H69))+1)))*(IF(I69="",1,IF(I69>0,(I69/100)+1,(100/((-1)*I69))+1)))*(IF(J69="",1,IF(J69>0,(J69/100)+1,(100/((-1)*J69))+1)))*(IF(K69="",1,IF(K69>0,(K69/100)+1,(100/((-1)*K69))+1)))*(IF(L69="",1,IF(L69>0,(L69/100)+1,(100/((-1)*L69))+1))))-1)),((((IF(C69="",1,IF(C69>0,(C69/100)+1,(100/((-1)*C69))+1)))*(IF(D69="",1,IF(D69>0,(D69/100)+1,(100/((-1)*D69))+1)))*(IF(E69="",1,IF(E69>0,(E69/100)+1,(100/((-1)*E69))+1)))*(IF(F69="",1,IF(F69>0,(F69/100)+1,(100/((-1)*F69))+1)))*(IF(G69="",1,IF(G69>0,(G69/100)+1,(100/((-1)*G69))+1)))*(IF(H69="",1,IF(H69>0,(H69/100)+1,(100/((-1)*H69))+1)))*(IF(I69="",1,IF(I69>0,(I69/100)+1,(100/((-1)*I69))+1)))*(IF(J69="",1,IF(J69>0,(J69/100)+1,(100/((-1)*J69))+1)))*(IF(K69="",1,IF(K69>0,(K69/100)+1,(100/((-1)*K69))+1)))*(IF(L69="",1,IF(L69>0,(L69/100)+1,(100/((-1)*L69))+1))))-1)*(100))))))*10),(((IF(((IF(C69="",1,IF(C69>0,(C69/100)+1,(100/((-1)*C69))+1)))*(IF(D69="",1,IF(D69>0,(D69/100)+1,(100/((-1)*D69))+1)))*(IF(E69="",1,IF(E69>0,(E69/100)+1,(100/((-1)*E69))+1)))*(IF(F69="",1,IF(F69>0,(F69/100)+1,(100/((-1)*F69))+1)))*(IF(G69="",1,IF(G69>0,(G69/100)+1,(100/((-1)*G69))+1)))*(IF(H69="",1,IF(H69>0,(H69/100)+1,(100/((-1)*H69))+1)))*(IF(I69="",1,IF(I69>0,(I69/100)+1,(100/((-1)*I69))+1)))*(IF(J69="",1,IF(J69>0,(J69/100)+1,(100/((-1)*J69))+1)))*(IF(K69="",1,IF(K69>0,(K69/100)+1,(100/((-1)*K69))+1)))*(IF(L69="",1,IF(L69>0,(L69/100)+1,(100/((-1)*L69))+1))))<2,((-100)/(((IF(C69="",1,IF(C69>0,(C69/100)+1,(100/((-1)*C69))+1)))*(IF(D69="",1,IF(D69>0,(D69/100)+1,(100/((-1)*D69))+1)))*(IF(E69="",1,IF(E69>0,(E69/100)+1,(100/((-1)*E69))+1)))*(IF(F69="",1,IF(F69>0,(F69/100)+1,(100/((-1)*F69))+1)))*(IF(G69="",1,IF(G69>0,(G69/100)+1,(100/((-1)*G69))+1)))*(IF(H69="",1,IF(H69>0,(H69/100)+1,(100/((-1)*H69))+1)))*(IF(I69="",1,IF(I69>0,(I69/100)+1,(100/((-1)*I69))+1)))*(IF(J69="",1,IF(J69>0,(J69/100)+1,(100/((-1)*J69))+1)))*(IF(K69="",1,IF(K69>0,(K69/100)+1,(100/((-1)*K69))+1)))*(IF(L69="",1,IF(L69>0,(L69/100)+1,(100/((-1)*L69))+1))))-1)),((((IF(C69="",1,IF(C69>0,(C69/100)+1,(100/((-1)*C69))+1)))*(IF(D69="",1,IF(D69>0,(D69/100)+1,(100/((-1)*D69))+1)))*(IF(E69="",1,IF(E69>0,(E69/100)+1,(100/((-1)*E69))+1)))*(IF(F69="",1,IF(F69>0,(F69/100)+1,(100/((-1)*F69))+1)))*(IF(G69="",1,IF(G69>0,(G69/100)+1,(100/((-1)*G69))+1)))*(IF(H69="",1,IF(H69>0,(H69/100)+1,(100/((-1)*H69))+1)))*(IF(I69="",1,IF(I69>0,(I69/100)+1,(100/((-1)*I69))+1)))*(IF(J69="",1,IF(J69>0,(J69/100)+1,(100/((-1)*J69))+1)))*(IF(K69="",1,IF(K69>0,(K69/100)+1,(100/((-1)*K69))+1)))*(IF(L69="",1,IF(L69>0,(L69/100)+1,(100/((-1)*L69))+1))))-1)*(100))))/100)*10)))
A70: Matchup
A71: Outcome | O71: This Week | P71: Cumulative
A72: W/L | N72: Best Handicapper | O72: =IFERROR(__xludf.DUMMYFUNCTION("IF(OR(COUNTA(C69:L69) = 0, COUNTA(C72:L72) = 0), """", IFERROR(TEXTJOIN("", "", TRUE, FILTER(C66:L66, (C72:L72 = ""W"") * (C69:L69 = MAX(FILTER(C69:L69, C72:L72 = ""W""))))), """"))"),"") | P72: =IFERROR(__xludf.DUMMYFUNCTION("IF(COUNTA(C77:L77) = 0, """", IFERROR(TEXTJOIN("", "", TRUE, FILTER(C66:L66, C77:L77 = MAX(C77:L77))), """"))"),"")
A73: Wins | C73: =IF(OR(C69="",C72=""),"",C60+COUNTIF(C72,"W")) | D73: =IF(OR(D69="",D72=""),"",D60+COUNTIF(D72,"W")) | E73: =IF(OR(E69="",E72=""),"",E60+COUNTIF(E72,"W")) | F73: =IF(OR(F69="",F72=""),"",F60+COUNTIF(F72,"W")) | G73: =IF(OR(G69="",G72=""),"",G60+COUNTIF(G72,"W")) | H73: =IF(OR(H69="",H72=""),"",H60+COUNTIF(H72,"W")) | I73: =IF(OR(I69="",I72=""),"",I60+COUNTIF(I72,"W")) | J73: =IF(OR(J69="",J72=""),"",J60+COUNTIF(J72,"W")) | ... L73: =IF(OR(L69="",L72=""),"",L60+COUNTIF(L72,"W")) | N73: Worst Handicapper | O73: =IFERROR(__xludf.DUMMYFUNCTION("IF(OR(COUNTA(C69:L69) = 0, COUNTA(C72:L72) = 0), """", IFERROR(TEXTJOIN("", "", TRUE, FILTER(C66:L66, (C72:L72 = ""L"") * (C69:L69 = MIN(FILTER(C69:L69, C72:L72 = ""L""))))), """"))"),"") | P73: =IFERROR(__xludf.DUMMYFUNCTION("IF(COUNTA(C77:L77) = 0, """", IFERROR(TEXTJOIN("", "", TRUE, FILTER(C66:L66, C77:L77 = MIN(C77:L77))), """"))"),"")
A74: Losses | C74: =IF(OR(C69="",C72=""),"",C61+COUNTIF(C72,"L")) | D74: =IF(OR(D69="",D72=""),"",D61+COUNTIF(D72,"L")) | E74: =IF(OR(E69="",E72=""),"",E61+COUNTIF(E72,"L")) | F74: =IF(OR(F69="",F72=""),"",F61+COUNTIF(F72,"L")) | G74: =IF(OR(G69="",G72=""),"",G61+COUNTIF(G72,"L")) | H74: =IF(OR(H69="",H72=""),"",H61+COUNTIF(H72,"L")) | I74: =IF(OR(I69="",I72=""),"",I61+COUNTIF(I72,"L")) | J74: =IF(OR(J69="",J72=""),"",J61+COUNTIF(J72,"L")) | ... L74: =IF(OR(L69="",L72=""),"",L61+COUNTIF(L72,"L")) | N74: Ballsiest Bettor | O74: =IFERROR(__xludf.DUMMYFUNCTION("IF(COUNTA(C69:L69) = 0, """", IFERROR(TEXTJOIN("", "", TRUE, FILTER(C66:L66, C69:L69 = MAX(C69:L69))), """"))"),"") | P74: =IFERROR(__xludf.DUMMYFUNCTION("IF(COUNTA(C69:L69) = 0, """", IFERROR(TEXTJOIN("", "", TRUE, FILTER(C66:L66, C76:L76 = MAX(C76:L76))), """"))"),"")
A75: Win % | C75: =IF(OR(C69="",C72=""),"",(C73/(C73+C74))) | D75: =IF(OR(D69="",D72=""),"",(D73/(D73+D74))) | E75: =IF(OR(E69="",E72=""),"",(E73/(E73+E74))) | F75: =IF(OR(F69="",F72=""),"",(F73/(F73+F74))) | G75: =IF(OR(G69="",G72=""),"",(G73/(G73+G74))) | H75: =IF(OR(H69="",H72=""),"",(H73/(H73+H74))) | I75: =IF(OR(I69="",I72=""),"",(I73/(I73+I74))) | J75: =IF(OR(J69="",J72=""),"",(J73/(J73+J74))) | ... L75: =IF(OR(L69="",L72=""),"",(L73/(L73+L74))) | N75: Parlay Pussy | O75: =IFERROR(__xludf.DUMMYFUNCTION("IF(COUNTA(C69:L69) = 0, """", IFERROR(TEXTJOIN("", "", TRUE, FILTER(C66:L66, C69:L69 = MIN(C69:L69))), """"))"),"") | P75: =IFERROR(__xludf.DUMMYFUNCTION("IF(COUNTA(C69:L69) = 0, """", IFERROR(TEXTJOIN("", "", TRUE, FILTER(C66:L66, C76:L76 = MIN(C76:L76))), """"))"),"")
A76: Average Odds | C76: =IF(C69="","",IF(((IF(C69 <0,((-100/C69)+1),((C69/100)+1))+(IF(C63<0,((-100/C63)+1),((C63/100)+1)))*(C60+C61))/(C60+C61+1))<2,(-100/(((IF(C69 <0,((-100/C69)+1),((C69/100)+1))+(IF(C63<0,((-100/C63)+1),((C63/100)+1)))*(C60+C61))/(C60+C61+1))-1)),(((IF(C69 <0,((-100/C69)+1),((C69/100)+1))+(IF(C63<0,((-100/C63)+1),((C63/100)+1)))*(C60+C61))/(C60+C61+1))-1)*100)) | D76: =IF(D69="","",IF(((IF(D69 <0,((-100/D69)+1),((D69/100)+1))+(IF(D63<0,((-100/D63)+1),((D63/100)+1)))*(D60+D61))/(D60+D61+1))<2,(-100/(((IF(D69 <0,((-100/D69)+1),((D69/100)+1))+(IF(D63<0,((-100/D63)+1),((D63/100)+1)))*(D60+D61))/(D60+D61+1))-1)),(((IF(D69 <0,((-100/D69)+1),((D69/100)+1))+(IF(D63<0,((-100/D63)+1),((D63/100)+1)))*(D60+D61))/(D60+D61+1))-1)*100)) | E76: =IF(E69="","",IF(((IF(E69 <0,((-100/E69)+1),((E69/100)+1))+(IF(E63<0,((-100/E63)+1),((E63/100)+1)))*(E60+E61))/(E60+E61+1))<2,(-100/(((IF(E69 <0,((-100/E69)+1),((E69/100)+1))+(IF(E63<0,((-100/E63)+1),((E63/100)+1)))*(E60+E61))/(E60+E61+1))-1)),(((IF(E69 <0,((-100/E69)+1),((E69/100)+1))+(IF(E63<0,((-100/E63)+1),((E63/100)+1)))*(E60+E61))/(E60+E61+1))-1)*100)) | F76: =IF(F69="","",IF(((IF(F69 <0,((-100/F69)+1),((F69/100)+1))+(IF(F63<0,((-100/F63)+1),((F63/100)+1)))*(F60+F61))/(F60+F61+1))<2,(-100/(((IF(F69 <0,((-100/F69)+1),((F69/100)+1))+(IF(F63<0,((-100/F63)+1),((F63/100)+1)))*(F60+F61))/(F60+F61+1))-1)),(((IF(F69 <0,((-100/F69)+1),((F69/100)+1))+(IF(F63<0,((-100/F63)+1),((F63/100)+1)))*(F60+F61))/(F60+F61+1))-1)*100)) | G76: =IF(G69="","",IF(((IF(G69 <0,((-100/G69)+1),((G69/100)+1))+(IF(G63<0,((-100/G63)+1),((G63/100)+1)))*(G60+G61))/(G60+G61+1))<2,(-100/(((IF(G69 <0,((-100/G69)+1),((G69/100)+1))+(IF(G63<0,((-100/G63)+1),((G63/100)+1)))*(G60+G61))/(G60+G61+1))-1)),(((IF(G69 <0,((-100/G69)+1),((G69/100)+1))+(IF(G63<0,((-100/G63)+1),((G63/100)+1)))*(G60+G61))/(G60+G61+1))-1)*100)) | H76: =IF(H69="","",IF(((IF(H69 <0,((-100/H69)+1),((H69/100)+1))+(IF(H63<0,((-100/H63)+1),((H63/100)+1)))*(H60+H61))/(H60+H61+1))<2,(-100/(((IF(H69 <0,((-100/H69)+1),((H69/100)+1))+(IF(H63<0,((-100/H63)+1),((H63/100)+1)))*(H60+H61))/(H60+H61+1))-1)),(((IF(H69 <0,((-100/H69)+1),((H69/100)+1))+(IF(H63<0,((-100/H63)+1),((H63/100)+1)))*(H60+H61))/(H60+H61+1))-1)*100)) | I76: =IF(I69="","",IF(((IF(I69 <0,((-100/I69)+1),((I69/100)+1))+(IF(I63<0,((-100/I63)+1),((I63/100)+1)))*(I60+I61))/(I60+I61+1))<2,(-100/(((IF(I69 <0,((-100/I69)+1),((I69/100)+1))+(IF(I63<0,((-100/I63)+1),((I63/100)+1)))*(I60+I61))/(I60+I61+1))-1)),(((IF(I69 <0,((-100/I69)+1),((I69/100)+1))+(IF(I63<0,((-100/I63)+1),((I63/100)+1)))*(I60+I61))/(I60+I61+1))-1)*100)) | J76: =IF(J69="","",IF(((IF(J69 <0,((-100/J69)+1),((J69/100)+1))+(IF(J63<0,((-100/J63)+1),((J63/100)+1)))*(J60+J61))/(J60+J61+1))<2,(-100/(((IF(J69 <0,((-100/J69)+1),((J69/100)+1))+(IF(J63<0,((-100/J63)+1),((J63/100)+1)))*(J60+J61))/(J60+J61+1))-1)),(((IF(J69 <0,((-100/J69)+1),((J69/100)+1))+(IF(J63<0,((-100/J63)+1),((J63/100)+1)))*(J60+J61))/(J60+J61+1))-1)*100)) | ... L76: =IF(L69="","",IF(((IF(L69 <0,((-100/L69)+1),((L69/100)+1))+(IF(L63<0,((-100/L63)+1),((L63/100)+1)))*(L60+L61))/(L60+L61+1))<2,(-100/(((IF(L69 <0,((-100/L69)+1),((L69/100)+1))+(IF(L63<0,((-100/L63)+1),((L63/100)+1)))*(L60+L61))/(L60+L61+1))-1)),(((IF(L69 <0,((-100/L69)+1),((L69/100)+1))+(IF(L63<0,((-100/L63)+1),((L63/100)+1)))*(L60+L61))/(L60+L61+1))-1)*100))
A77: "If I bet $10 every week" | C77: =IFERROR(__xludf.DUMMYFUNCTION("IF(OR(C69="""",C72=""""),"""",IF(REGEXMATCH(C72,""W""),IF(C69<0,((-100/C69))*10+C64,((C69/100)*10+C64)),-10+C64))"),"") | D77: =IFERROR(__xludf.DUMMYFUNCTION("IF(OR(D69="""",D72=""""),"""",IF(REGEXMATCH(D72,""W""),IF(D69<0,((-100/D69))*10+D64,((D69/100)*10+D64)),-10+D64))"),"") | E77: =IFERROR(__xludf.DUMMYFUNCTION("IF(OR(E69="""",E72=""""),"""",IF(REGEXMATCH(E72,""W""),IF(E69<0,((-100/E69))*10+E64,((E69/100)*10+E64)),-10+E64))"),"") | F77: =IFERROR(__xludf.DUMMYFUNCTION("IF(OR(F69="""",F72=""""),"""",IF(REGEXMATCH(F72,""W""),IF(F69<0,((-100/F69))*10+F64,((F69/100)*10+F64)),-10+F64))"),"") | G77: =IFERROR(__xludf.DUMMYFUNCTION("IF(OR(G69="""",G72=""""),"""",IF(REGEXMATCH(G72,""W""),IF(G69<0,((-100/G69))*10+G64,((G69/100)*10+G64)),-10+G64))"),"") | H77: =IFERROR(__xludf.DUMMYFUNCTION("IF(OR(H69="""",H72=""""),"""",IF(REGEXMATCH(H72,""W""),IF(H69<0,((-100/H69))*10+H64,((H69/100)*10+H64)),-10+H64))"),"") | I77: =IFERROR(__xludf.DUMMYFUNCTION("IF(OR(I69="""",I72=""""),"""",IF(REGEXMATCH(I72,""W""),IF(I69<0,((-100/I69))*10+I64,((I69/100)*10+I64)),-10+I64))"),"") | J77: =IFERROR(__xludf.DUMMYFUNCTION("IF(OR(J69="""",J72=""""),"""",IF(REGEXMATCH(J72,""W""),IF(J69<0,((-100/J69))*10+J64,((J69/100)*10+J64)),-10+J64))"),"") | K77: =IFERROR(__xludf.DUMMYFUNCTION("IF(OR(K69="""",K72=""""),"""",IF(REGEXMATCH(K72,""W""),IF(K69<0,((-100/K69))*10+K64,((K69/100)*10+K64)),-10+K64))"),"") | L77: =IFERROR(__xludf.DUMMYFUNCTION("IF(OR(L69="""",L72=""""),"""",IF(REGEXMATCH(L72,""W""),IF(L69<0,((-100/L69))*10+L64,((L69/100)*10+L64)),-10+L64))"),"") | N77: "If I placed all 10 bets @ $10 each week" | O77: =IFERROR(__xludf.DUMMYFUNCTION("IF(AND(C77="""",AND(D77="""",AND(E77="""",AND(F77="""",AND(G77="""",AND(H77="""",AND(I77="""",AND(J77="""",AND(K77="""",L77=""""))))))))),"""",(IF(C72="""",0,IF(REGEXMATCH(C72,""W""),IF(C69<0,((-100/C69))*10,((C69/100)*10)),-10))+IF(D72="""",0,IF(REGEXMAT"&"CH(D72,""W""),IF(D69<0,((-100/D69))*10,((D69/100)*10)),-10))+IF(E72="""",0,IF(REGEXMATCH(E72,""W""),IF(E69<0,((-100/E69))*10,((E69/100)*10)),-10))+IF(F72="""",0,IF(REGEXMATCH(F72,""W""),IF(F69<0,((-100/F69))*10,((F69/100)*10)),-10))+IF(G72="""",0,IF(REGEX"&"MATCH(G72,""W""),IF(G69<0,((-100/G69))*10,((G69/100)*10)),-10))+IF(H72="""",0,IF(REGEXMATCH(H72,""W""),IF(H69<0,((-100/H69))*10,((H69/100)*10)),-10))+IF(I72="""",0,IF(REGEXMATCH(I72,""W""),IF(I69<0,((-100/I69))*10,((I69/100)*10)),-10))+IF(J72="""",0,IF(RE"&"GEXMATCH(J72,""W""),IF(J69<0,((-100/J69))*10,((J69/100)*10)),-10))+IF(K72="""",0,IF(REGEXMATCH(K72,""W""),IF(K69<0,((-100/K69))*10,((K69/100)*10)),-10))+IF(L72="""",0,IF(REGEXMATCH(L72,""W""),IF(L69<0,((-100/L69))*10,((L69/100)*10)),-10))))"),"") | P77: =IFERROR(__xludf.DUMMYFUNCTION("IF(AND(C77="""",AND(D77="""",AND(E77="""",AND(F77="""",AND(G77="""",AND(H77="""",AND(I77="""",AND(J77="""",AND(K77="""",L77=""""))))))))),"""",(P64+IF(C72="""",0,IF(REGEXMATCH(C72,""W""),IF(C69<0,((-100/C69))*10,((C69/100)*10)),-10))+IF(D72="""",0,IF(REGE"&"XMATCH(D72,""W""),IF(D69<0,((-100/D69))*10,((D69/100)*10)),-10))+IF(E72="""",0,IF(REGEXMATCH(E72,""W""),IF(E69<0,((-100/E69))*10,((E69/100)*10)),-10))+IF(F72="""",0,IF(REGEXMATCH(F72,""W""),IF(F69<0,((-100/F69))*10,((F69/100)*10)),-10))+IF(G72="""",0,IF(R"&"EGEXMATCH(G72,""W""),IF(G69<0,((-100/G69))*10,((G69/100)*10)),-10))+IF(H72="""",0,IF(REGEXMATCH(H72,""W""),IF(H69<0,((-100/H69))*10,((H69/100)*10)),-10))+IF(I72="""",0,IF(REGEXMATCH(I72,""W""),IF(I69<0,((-100/I69))*10,((I69/100)*10)),-10))+IF(J72="""",0,I"&"F(REGEXMATCH(J72,""W""),IF(J69<0,((-100/J69))*10,((J69/100)*10)),-10))+IF(K72="""",0,IF(REGEXMATCH(K72,""W""),IF(K69<0,((-100/K69))*10,((K69/100)*10)),-10))+IF(L72="""",0,IF(REGEXMATCH(L72,""W""),IF(L69<0,((-100/L69))*10,((L69/100)*10)),-10))))"),"")
A79: Week 7 | C79: Austin | D79: Carson | E79: Clayton | F79: Dan | G79: Hunter | H79: Jake | I79: Nick | J79: Tanner | K79: Taylon | L79: Trey | O79: Parlay
A81: Pick | N81: Odds | O81: =IF(AND(C82="",AND(D82="",AND(E82="",AND(F82="",AND(G82="",AND(H82="",AND(I82="",AND(J82="",AND(K82="",L82=""))))))))),"",IF(((IF(C82="",1,IF(C82>0,(C82/100)+1,(100/((-1)*C82))+1)))*(IF(D82="",1,IF(D82>0,(D82/100)+1,(100/((-1)*D82))+1)))*(IF(E82="",1,IF(E82>0,(E82/100)+1,(100/((-1)*E82))+1)))*(IF(F82="",1,IF(F82>0,(F82/100)+1,(100/((-1)*F82))+1)))*(IF(G82="",1,IF(G82>0,(G82/100)+1,(100/((-1)*G82))+1)))*(IF(H82="",1,IF(H82>0,(H82/100)+1,(100/((-1)*H82))+1)))*(IF(I82="",1,IF(I82>0,(I82/100)+1,(100/((-1)*I82))+1)))*(IF(J82="",1,IF(J82>0,(J82/100)+1,(100/((-1)*J82))+1)))*(IF(K82="",1,IF(K82>0,(K82/100)+1,(100/((-1)*K82))+1)))*(IF(L82="",1,IF(L82>0,(L82/100)+1,(100/((-1)*L82))+1))))<2,((-100)/(((IF(C82="",1,IF(C82>0,(C82/100)+1,(100/((-1)*C82))+1)))*(IF(D82="",1,IF(D82>0,(D82/100)+1,(100/((-1)*D82))+1)))*(IF(E82="",1,IF(E82>0,(E82/100)+1,(100/((-1)*E82))+1)))*(IF(F82="",1,IF(F82>0,(F82/100)+1,(100/((-1)*F82))+1)))*(IF(G82="",1,IF(G82>0,(G82/100)+1,(100/((-1)*G82))+1)))*(IF(H82="",1,IF(H82>0,(H82/100)+1,(100/((-1)*H82))+1)))*(IF(I82="",1,IF(I82>0,(I82/100)+1,(100/((-1)*I82))+1)))*(IF(J82="",1,IF(J82>0,(J82/100)+1,(100/((-1)*J82))+1)))*(IF(K82="",1,IF(K82>0,(K82/100)+1,(100/((-1)*K82))+1)))*(IF(L82="",1,IF(L82>0,(L82/100)+1,(100/((-1)*L82))+1))))-1)),((((IF(C82="",1,IF(C82>0,(C82/100)+1,(100/((-1)*C82))+1)))*(IF(D82="",1,IF(D82>0,(D82/100)+1,(100/((-1)*D82))+1)))*(IF(E82="",1,IF(E82>0,(E82/100)+1,(100/((-1)*E82))+1)))*(IF(F82="",1,IF(F82>0,(F82/100)+1,(100/((-1)*F82))+1)))*(IF(G82="",1,IF(G82>0,(G82/100)+1,(100/((-1)*G82))+1)))*(IF(H82="",1,IF(H82>0,(H82/100)+1,(100/((-1)*H82))+1)))*(IF(I82="",1,IF(I82>0,(I82/100)+1,(100/((-1)*I82))+1)))*(IF(J82="",1,IF(J82>0,(J82/100)+1,(100/((-1)*J82))+1)))*(IF(K82="",1,IF(K82>0,(K82/100)+1,(100/((-1)*K82))+1)))*(IF(L82="",1,IF(L82>0,(L82/100)+1,(100/((-1)*L82))+1))))-1)*(100)))) | Q81: *Pick Made For Me*
A82: Odds | M82: 6 | N82: Return | O82: =IF(AND(C82="",AND(D82="",AND(E82="",AND(F82="",AND(G82="",AND(H82="",AND(I82="",AND(J82="",AND(K82="",L82=""))))))))),"",10+IF((IF(((IF(C82="",1,IF(C82>0,(C82/100)+1,(100/((-1)*C82))+1)))*(IF(D82="",1,IF(D82>0,(D82/100)+1,(100/((-1)*D82))+1)))*(IF(E82="",1,IF(E82>0,(E82/100)+1,(100/((-1)*E82))+1)))*(IF(F82="",1,IF(F82>0,(F82/100)+1,(100/((-1)*F82))+1)))*(IF(G82="",1,IF(G82>0,(G82/100)+1,(100/((-1)*G82))+1)))*(IF(H82="",1,IF(H82>0,(H82/100)+1,(100/((-1)*H82))+1)))*(IF(I82="",1,IF(I82>0,(I82/100)+1,(100/((-1)*I82))+1)))*(IF(J82="",1,IF(J82>0,(J82/100)+1,(100/((-1)*J82))+1)))*(IF(K82="",1,IF(K82>0,(K82/100)+1,(100/((-1)*K82))+1)))*(IF(L82="",1,IF(L82>0,(L82/100)+1,(100/((-1)*L82))+1))))<2,((-100)/(((IF(C82="",1,IF(C82>0,(C82/100)+1,(100/((-1)*C82))+1)))*(IF(D82="",1,IF(D82>0,(D82/100)+1,(100/((-1)*D82))+1)))*(IF(E82="",1,IF(E82>0,(E82/100)+1,(100/((-1)*E82))+1)))*(IF(F82="",1,IF(F82>0,(F82/100)+1,(100/((-1)*F82))+1)))*(IF(G82="",1,IF(G82>0,(G82/100)+1,(100/((-1)*G82))+1)))*(IF(H82="",1,IF(H82>0,(H82/100)+1,(100/((-1)*H82))+1)))*(IF(I82="",1,IF(I82>0,(I82/100)+1,(100/((-1)*I82))+1)))*(IF(J82="",1,IF(J82>0,(J82/100)+1,(100/((-1)*J82))+1)))*(IF(K82="",1,IF(K82>0,(K82/100)+1,(100/((-1)*K82))+1)))*(IF(L82="",1,IF(L82>0,(L82/100)+1,(100/((-1)*L82))+1))))-1)),((((IF(C82="",1,IF(C82>0,(C82/100)+1,(100/((-1)*C82))+1)))*(IF(D82="",1,IF(D82>0,(D82/100)+1,(100/((-1)*D82))+1)))*(IF(E82="",1,IF(E82>0,(E82/100)+1,(100/((-1)*E82))+1)))*(IF(F82="",1,IF(F82>0,(F82/100)+1,(100/((-1)*F82))+1)))*(IF(G82="",1,IF(G82>0,(G82/100)+1,(100/((-1)*G82))+1)))*(IF(H82="",1,IF(H82>0,(H82/100)+1,(100/((-1)*H82))+1)))*(IF(I82="",1,IF(I82>0,(I82/100)+1,(100/((-1)*I82))+1)))*(IF(J82="",1,IF(J82>0,(J82/100)+1,(100/((-1)*J82))+1)))*(IF(K82="",1,IF(K82>0,(K82/100)+1,(100/((-1)*K82))+1)))*(IF(L82="",1,IF(L82>0,(L82/100)+1,(100/((-1)*L82))+1))))-1)*(100))))<0,(((-100)/((IF(((IF(C82="",1,IF(C82>0,(C82/100)+1,(100/((-1)*C82))+1)))*(IF(D82="",1,IF(D82>0,(D82/100)+1,(100/((-1)*D82))+1)))*(IF(E82="",1,IF(E82>0,(E82/100)+1,(100/((-1)*E82))+1)))*(IF(F82="",1,IF(F82>0,(F82/100)+1,(100/((-1)*F82))+1)))*(IF(G82="",1,IF(G82>0,(G82/100)+1,(100/((-1)*G82))+1)))*(IF(H82="",1,IF(H82>0,(H82/100)+1,(100/((-1)*H82))+1)))*(IF(I82="",1,IF(I82>0,(I82/100)+1,(100/((-1)*I82))+1)))*(IF(J82="",1,IF(J82>0,(J82/100)+1,(100/((-1)*J82))+1)))*(IF(K82="",1,IF(K82>0,(K82/100)+1,(100/((-1)*K82))+1)))*(IF(L82="",1,IF(L82>0,(L82/100)+1,(100/((-1)*L82))+1))))<2,((-100)/(((IF(C82="",1,IF(C82>0,(C82/100)+1,(100/((-1)*C82))+1)))*(IF(D82="",1,IF(D82>0,(D82/100)+1,(100/((-1)*D82))+1)))*(IF(E82="",1,IF(E82>0,(E82/100)+1,(100/((-1)*E82))+1)))*(IF(F82="",1,IF(F82>0,(F82/100)+1,(100/((-1)*F82))+1)))*(IF(G82="",1,IF(G82>0,(G82/100)+1,(100/((-1)*G82))+1)))*(IF(H82="",1,IF(H82>0,(H82/100)+1,(100/((-1)*H82))+1)))*(IF(I82="",1,IF(I82>0,(I82/100)+1,(100/((-1)*I82))+1)))*(IF(J82="",1,IF(J82>0,(J82/100)+1,(100/((-1)*J82))+1)))*(IF(K82="",1,IF(K82>0,(K82/100)+1,(100/((-1)*K82))+1)))*(IF(L82="",1,IF(L82>0,(L82/100)+1,(100/((-1)*L82))+1))))-1)),((((IF(C82="",1,IF(C82>0,(C82/100)+1,(100/((-1)*C82))+1)))*(IF(D82="",1,IF(D82>0,(D82/100)+1,(100/((-1)*D82))+1)))*(IF(E82="",1,IF(E82>0,(E82/100)+1,(100/((-1)*E82))+1)))*(IF(F82="",1,IF(F82>0,(F82/100)+1,(100/((-1)*F82))+1)))*(IF(G82="",1,IF(G82>0,(G82/100)+1,(100/((-1)*G82))+1)))*(IF(H82="",1,IF(H82>0,(H82/100)+1,(100/((-1)*H82))+1)))*(IF(I82="",1,IF(I82>0,(I82/100)+1,(100/((-1)*I82))+1)))*(IF(J82="",1,IF(J82>0,(J82/100)+1,(100/((-1)*J82))+1)))*(IF(K82="",1,IF(K82>0,(K82/100)+1,(100/((-1)*K82))+1)))*(IF(L82="",1,IF(L82>0,(L82/100)+1,(100/((-1)*L82))+1))))-1)*(100))))))*10),(((IF(((IF(C82="",1,IF(C82>0,(C82/100)+1,(100/((-1)*C82))+1)))*(IF(D82="",1,IF(D82>0,(D82/100)+1,(100/((-1)*D82))+1)))*(IF(E82="",1,IF(E82>0,(E82/100)+1,(100/((-1)*E82))+1)))*(IF(F82="",1,IF(F82>0,(F82/100)+1,(100/((-1)*F82))+1)))*(IF(G82="",1,IF(G82>0,(G82/100)+1,(100/((-1)*G82))+1)))*(IF(H82="",1,IF(H82>0,(H82/100)+1,(100/((-1)*H82))+1)))*(IF(I82="",1,IF(I82>0,(I82/100)+1,(100/((-1)*I82))+1)))*(IF(J82="",1,IF(J82>0,(J82/100)+1,(100/((-1)*J82))+1)))*(IF(K82="",1,IF(K82>0,(K82/100)+1,(100/((-1)*K82))+1)))*(IF(L82="",1,IF(L82>0,(L82/100)+1,(100/((-1)*L82))+1))))<2,((-100)/(((IF(C82="",1,IF(C82>0,(C82/100)+1,(100/((-1)*C82))+1)))*(IF(D82="",1,IF(D82>0,(D82/100)+1,(100/((-1)*D82))+1)))*(IF(E82="",1,IF(E82>0,(E82/100)+1,(100/((-1)*E82))+1)))*(IF(F82="",1,IF(F82>0,(F82/100)+1,(100/((-1)*F82))+1)))*(IF(G82="",1,IF(G82>0,(G82/100)+1,(100/((-1)*G82))+1)))*(IF(H82="",1,IF(H82>0,(H82/100)+1,(100/((-1)*H82))+1)))*(IF(I82="",1,IF(I82>0,(I82/100)+1,(100/((-1)*I82))+1)))*(IF(J82="",1,IF(J82>0,(J82/100)+1,(100/((-1)*J82))+1)))*(IF(K82="",1,IF(K82>0,(K82/100)+1,(100/((-1)*K82))+1)))*(IF(L82="",1,IF(L82>0,(L82/100)+1,(100/((-1)*L82))+1))))-1)),((((IF(C82="",1,IF(C82>0,(C82/100)+1,(100/((-1)*C82))+1)))*(IF(D82="",1,IF(D82>0,(D82/100)+1,(100/((-1)*D82))+1)))*(IF(E82="",1,IF(E82>0,(E82/100)+1,(100/((-1)*E82))+1)))*(IF(F82="",1,IF(F82>0,(F82/100)+1,(100/((-1)*F82))+1)))*(IF(G82="",1,IF(G82>0,(G82/100)+1,(100/((-1)*G82))+1)))*(IF(H82="",1,IF(H82>0,(H82/100)+1,(100/((-1)*H82))+1)))*(IF(I82="",1,IF(I82>0,(I82/100)+1,(100/((-1)*I82))+1)))*(IF(J82="",1,IF(J82>0,(J82/100)+1,(100/((-1)*J82))+1)))*(IF(K82="",1,IF(K82>0,(K82/100)+1,(100/((-1)*K82))+1)))*(IF(L82="",1,IF(L82>0,(L82/100)+1,(100/((-1)*L82))+1))))-1)*(100))))/100)*10)))
A83: Matchup
A84: Outcome | O84: This Week | P84: Cumulative
A85: W/L | N85: Best Handicapper | O85: =IFERROR(__xludf.DUMMYFUNCTION("IF(OR(COUNTA(C82:L82) = 0, COUNTA(C85:L85) = 0), """", IFERROR(TEXTJOIN("", "", TRUE, FILTER(C79:L79, (C85:L85 = ""W"") * (C82:L82 = MAX(FILTER(C82:L82, C85:L85 = ""W""))))), """"))"),"") | P85: =IFERROR(__xludf.DUMMYFUNCTION("IF(COUNTA(C90:L90) = 0, """", IFERROR(TEXTJOIN("", "", TRUE, FILTER(C79:L79, C90:L90 = MAX(C90:L90))), """"))"),"")
A86: Wins | C86: =IF(OR(C82="",C85=""),"",C73+COUNTIF(C85,"W")) | D86: =IF(OR(D82="",D85=""),"",D73+COUNTIF(D85,"W")) | E86: =IF(OR(E82="",E85=""),"",E73+COUNTIF(E85,"W")) | F86: =IF(OR(F82="",F85=""),"",F73+COUNTIF(F85,"W")) | G86: =IF(OR(G82="",G85=""),"",G73+COUNTIF(G85,"W")) | H86: =IF(OR(H82="",H85=""),"",H73+COUNTIF(H85,"W")) | I86: =IF(OR(I82="",I85=""),"",I73+COUNTIF(I85,"W")) | J86: =IF(OR(J82="",J85=""),"",J73+COUNTIF(J85,"W")) | ... L86: =IF(OR(L82="",L85=""),"",L73+COUNTIF(L85,"W")) | N86: Worst Handicapper | O86: =IFERROR(__xludf.DUMMYFUNCTION("IF(OR(COUNTA(C82:L82) = 0, COUNTA(C85:L85) = 0), """", IFERROR(TEXTJOIN("", "", TRUE, FILTER(C79:L79, (C85:L85 = ""L"") * (C82:L82 = MIN(FILTER(C82:L82, C85:L85 = ""L""))))), """"))"),"") | P86: =IFERROR(__xludf.DUMMYFUNCTION("IF(COUNTA(C90:L90) = 0, """", IFERROR(TEXTJOIN("", "", TRUE, FILTER(C79:L79, C90:L90 = MIN(C90:L90))), """"))"),"")
A87: Losses | C87: =IF(OR(C82="",C85=""),"",C74+COUNTIF(C85,"L")) | D87: =IF(OR(D82="",D85=""),"",D74+COUNTIF(D85,"L")) | E87: =IF(OR(E82="",E85=""),"",E74+COUNTIF(E85,"L")) | F87: =IF(OR(F82="",F85=""),"",F74+COUNTIF(F85,"L")) | G87: =IF(OR(G82="",G85=""),"",G74+COUNTIF(G85,"L")) | H87: =IF(OR(H82="",H85=""),"",H74+COUNTIF(H85,"L")) | I87: =IF(OR(I82="",I85=""),"",I74+COUNTIF(I85,"L")) | J87: =IF(OR(J82="",J85=""),"",J74+COUNTIF(J85,"L")) | ... L87: =IF(OR(L82="",L85=""),"",L74+COUNTIF(L85,"L")) | N87: Ballsiest Bettor | O87: =IFERROR(__xludf.DUMMYFUNCTION("IF(COUNTA(C82:L82) = 0, """", IFERROR(TEXTJOIN("", "", TRUE, FILTER(C79:L79, C82:L82 = MAX(C82:L82))), """"))"),"") | P87: =IFERROR(__xludf.DUMMYFUNCTION("IF(COUNTA(C82:L82) = 0, """", IFERROR(TEXTJOIN("", "", TRUE, FILTER(C79:L79, C89:L89 = MAX(C89:L89))), """"))"),"")
A88: Win % | C88: =IF(OR(C82="",C85=""),"",(C86/(C86+C87))) | D88: =IF(OR(D82="",D85=""),"",(D86/(D86+D87))) | E88: =IF(OR(E82="",E85=""),"",(E86/(E86+E87))) | F88: =IF(OR(F82="",F85=""),"",(F86/(F86+F87))) | G88: =IF(OR(G82="",G85=""),"",(G86/(G86+G87))) | H88: =IF(OR(H82="",H85=""),"",(H86/(H86+H87))) | I88: =IF(OR(I82="",I85=""),"",(I86/(I86+I87))) | J88: =IF(OR(J82="",J85=""),"",(J86/(J86+J87))) | ... L88: =IF(OR(L82="",L85=""),"",(L86/(L86+L87))) | N88: Parlay Pussy | O88: =IFERROR(__xludf.DUMMYFUNCTION("IF(COUNTA(C82:L82) = 0, """", IFERROR(TEXTJOIN("", "", TRUE, FILTER(C79:L79, C82:L82 = MIN(C82:L82))), """"))"),"") | P88: =IFERROR(__xludf.DUMMYFUNCTION("IF(COUNTA(C82:L82) = 0, """", IFERROR(TEXTJOIN("", "", TRUE, FILTER(C79:L79, C89:L89 = MIN(C89:L89))), """"))"),"")
A89: Average Odds | C89: =IF(C82="","",IF(((IF(C82 <0,((-100/C82)+1),((C82/100)+1))+(IF(C76<0,((-100/C76)+1),((C76/100)+1)))*(C73+C74))/(C73+C74+1))<2,(-100/(((IF(C82 <0,((-100/C82)+1),((C82/100)+1))+(IF(C76<0,((-100/C76)+1),((C76/100)+1)))*(C73+C74))/(C73+C74+1))-1)),(((IF(C82 <0,((-100/C82)+1),((C82/100)+1))+(IF(C76<0,((-100/C76)+1),((C76/100)+1)))*(C73+C74))/(C73+C74+1))-1)*100)) | D89: =IF(D82="","",IF(((IF(D82 <0,((-100/D82)+1),((D82/100)+1))+(IF(D76<0,((-100/D76)+1),((D76/100)+1)))*(D73+D74))/(D73+D74+1))<2,(-100/(((IF(D82 <0,((-100/D82)+1),((D82/100)+1))+(IF(D76<0,((-100/D76)+1),((D76/100)+1)))*(D73+D74))/(D73+D74+1))-1)),(((IF(D82 <0,((-100/D82)+1),((D82/100)+1))+(IF(D76<0,((-100/D76)+1),((D76/100)+1)))*(D73+D74))/(D73+D74+1))-1)*100)) | E89: =IF(E82="","",IF(((IF(E82 <0,((-100/E82)+1),((E82/100)+1))+(IF(E76<0,((-100/E76)+1),((E76/100)+1)))*(E73+E74))/(E73+E74+1))<2,(-100/(((IF(E82 <0,((-100/E82)+1),((E82/100)+1))+(IF(E76<0,((-100/E76)+1),((E76/100)+1)))*(E73+E74))/(E73+E74+1))-1)),(((IF(E82 <0,((-100/E82)+1),((E82/100)+1))+(IF(E76<0,((-100/E76)+1),((E76/100)+1)))*(E73+E74))/(E73+E74+1))-1)*100)) | F89: =IF(F82="","",IF(((IF(F82 <0,((-100/F82)+1),((F82/100)+1))+(IF(F76<0,((-100/F76)+1),((F76/100)+1)))*(F73+F74))/(F73+F74+1))<2,(-100/(((IF(F82 <0,((-100/F82)+1),((F82/100)+1))+(IF(F76<0,((-100/F76)+1),((F76/100)+1)))*(F73+F74))/(F73+F74+1))-1)),(((IF(F82 <0,((-100/F82)+1),((F82/100)+1))+(IF(F76<0,((-100/F76)+1),((F76/100)+1)))*(F73+F74))/(F73+F74+1))-1)*100)) | G89: =IF(G82="","",IF(((IF(G82 <0,((-100/G82)+1),((G82/100)+1))+(IF(G76<0,((-100/G76)+1),((G76/100)+1)))*(G73+G74))/(G73+G74+1))<2,(-100/(((IF(G82 <0,((-100/G82)+1),((G82/100)+1))+(IF(G76<0,((-100/G76)+1),((G76/100)+1)))*(G73+G74))/(G73+G74+1))-1)),(((IF(G82 <0,((-100/G82)+1),((G82/100)+1))+(IF(G76<0,((-100/G76)+1),((G76/100)+1)))*(G73+G74))/(G73+G74+1))-1)*100)) | H89: =IF(H82="","",IF(((IF(H82 <0,((-100/H82)+1),((H82/100)+1))+(IF(H76<0,((-100/H76)+1),((H76/100)+1)))*(H73+H74))/(H73+H74+1))<2,(-100/(((IF(H82 <0,((-100/H82)+1),((H82/100)+1))+(IF(H76<0,((-100/H76)+1),((H76/100)+1)))*(H73+H74))/(H73+H74+1))-1)),(((IF(H82 <0,((-100/H82)+1),((H82/100)+1))+(IF(H76<0,((-100/H76)+1),((H76/100)+1)))*(H73+H74))/(H73+H74+1))-1)*100)) | I89: =IF(I82="","",IF(((IF(I82 <0,((-100/I82)+1),((I82/100)+1))+(IF(I76<0,((-100/I76)+1),((I76/100)+1)))*(I73+I74))/(I73+I74+1))<2,(-100/(((IF(I82 <0,((-100/I82)+1),((I82/100)+1))+(IF(I76<0,((-100/I76)+1),((I76/100)+1)))*(I73+I74))/(I73+I74+1))-1)),(((IF(I82 <0,((-100/I82)+1),((I82/100)+1))+(IF(I76<0,((-100/I76)+1),((I76/100)+1)))*(I73+I74))/(I73+I74+1))-1)*100)) | J89: =IF(J82="","",IF(((IF(J82 <0,((-100/J82)+1),((J82/100)+1))+(IF(J76<0,((-100/J76)+1),((J76/100)+1)))*(J73+J74))/(J73+J74+1))<2,(-100/(((IF(J82 <0,((-100/J82)+1),((J82/100)+1))+(IF(J76<0,((-100/J76)+1),((J76/100)+1)))*(J73+J74))/(J73+J74+1))-1)),(((IF(J82 <0,((-100/J82)+1),((J82/100)+1))+(IF(J76<0,((-100/J76)+1),((J76/100)+1)))*(J73+J74))/(J73+J74+1))-1)*100)) | ... L89: =IF(L82="","",IF(((IF(L82 <0,((-100/L82)+1),((L82/100)+1))+(IF(L76<0,((-100/L76)+1),((L76/100)+1)))*(L73+L74))/(L73+L74+1))<2,(-100/(((IF(L82 <0,((-100/L82)+1),((L82/100)+1))+(IF(L76<0,((-100/L76)+1),((L76/100)+1)))*(L73+L74))/(L73+L74+1))-1)),(((IF(L82 <0,((-100/L82)+1),((L82/100)+1))+(IF(L76<0,((-100/L76)+1),((L76/100)+1)))*(L73+L74))/(L73+L74+1))-1)*100))
A90: "If I bet $10 every week" | C90: =IFERROR(__xludf.DUMMYFUNCTION("IF(OR(C82="""",C85=""""),"""",IF(REGEXMATCH(C85,""W""),IF(C82<0,((-100/C82))*10+C77,((C82/100)*10+C77)),-10+C77))"),"") | D90: =IFERROR(__xludf.DUMMYFUNCTION("IF(OR(D82="""",D85=""""),"""",IF(REGEXMATCH(D85,""W""),IF(D82<0,((-100/D82))*10+D77,((D82/100)*10+D77)),-10+D77))"),"") | E90: =IFERROR(__xludf.DUMMYFUNCTION("IF(OR(E82="""",E85=""""),"""",IF(REGEXMATCH(E85,""W""),IF(E82<0,((-100/E82))*10+E77,((E82/100)*10+E77)),-10+E77))"),"") | F90: =IFERROR(__xludf.DUMMYFUNCTION("IF(OR(F82="""",F85=""""),"""",IF(REGEXMATCH(F85,""W""),IF(F82<0,((-100/F82))*10+F77,((F82/100)*10+F77)),-10+F77))"),"") | G90: =IFERROR(__xludf.DUMMYFUNCTION("IF(OR(G82="""",G85=""""),"""",IF(REGEXMATCH(G85,""W""),IF(G82<0,((-100/G82))*10+G77,((G82/100)*10+G77)),-10+G77))"),"") | H90: =IFERROR(__xludf.DUMMYFUNCTION("IF(OR(H82="""",H85=""""),"""",IF(REGEXMATCH(H85,""W""),IF(H82<0,((-100/H82))*10+H77,((H82/100)*10+H77)),-10+H77))"),"") | I90: =IFERROR(__xludf.DUMMYFUNCTION("IF(OR(I82="""",I85=""""),"""",IF(REGEXMATCH(I85,""W""),IF(I82<0,((-100/I82))*10+I77,((I82/100)*10+I77)),-10+I77))"),"") | J90: =IFERROR(__xludf.DUMMYFUNCTION("IF(OR(J82="""",J85=""""),"""",IF(REGEXMATCH(J85,""W""),IF(J82<0,((-100/J82))*10+J77,((J82/100)*10+J77)),-10+J77))"),"") | K90: =IFERROR(__xludf.DUMMYFUNCTION("IF(OR(K82="""",K85=""""),"""",IF(REGEXMATCH(K85,""W""),IF(K82<0,((-100/K82))*10+K77,((K82/100)*10+K77)),-10+K77))"),"") | L90: =IFERROR(__xludf.DUMMYFUNCTION("IF(OR(L82="""",L85=""""),"""",IF(REGEXMATCH(L85,""W""),IF(L82<0,((-100/L82))*10+L77,((L82/100)*10+L77)),-10+L77))"),"") | N90: "If I placed all 10 bets @ $10 each week" | O90: =IFERROR(__xludf.DUMMYFUNCTION("IF(AND(C90="""",AND(D90="""",AND(E90="""",AND(F90="""",AND(G90="""",AND(H90="""",AND(I90="""",AND(J90="""",AND(K90="""",L90=""""))))))))),"""",(IF(C85="""",0,IF(REGEXMATCH(C85,""W""),IF(C82<0,((-100/C82))*10,((C82/100)*10)),-10))+IF(D85="""",0,IF(REGEXMAT"&"CH(D85,""W""),IF(D82<0,((-100/D82))*10,((D82/100)*10)),-10))+IF(E85="""",0,IF(REGEXMATCH(E85,""W""),IF(E82<0,((-100/E82))*10,((E82/100)*10)),-10))+IF(F85="""",0,IF(REGEXMATCH(F85,""W""),IF(F82<0,((-100/F82))*10,((F82/100)*10)),-10))+IF(G85="""",0,IF(REGEX"&"MATCH(G85,""W""),IF(G82<0,((-100/G82))*10,((G82/100)*10)),-10))+IF(H85="""",0,IF(REGEXMATCH(H85,""W""),IF(H82<0,((-100/H82))*10,((H82/100)*10)),-10))+IF(I85="""",0,IF(REGEXMATCH(I85,""W""),IF(I82<0,((-100/I82))*10,((I82/100)*10)),-10))+IF(J85="""",0,IF(RE"&"GEXMATCH(J85,""W""),IF(J82<0,((-100/J82))*10,((J82/100)*10)),-10))+IF(K85="""",0,IF(REGEXMATCH(K85,""W""),IF(K82<0,((-100/K82))*10,((K82/100)*10)),-10))+IF(L85="""",0,IF(REGEXMATCH(L85,""W""),IF(L82<0,((-100/L82))*10,((L82/100)*10)),-10))))"),"") | P90: =IFERROR(__xludf.DUMMYFUNCTION("IF(AND(C90="""",AND(D90="""",AND(E90="""",AND(F90="""",AND(G90="""",AND(H90="""",AND(I90="""",AND(J90="""",AND(K90="""",L90=""""))))))))),"""",(P77+IF(C85="""",0,IF(REGEXMATCH(C85,""W""),IF(C82<0,((-100/C82))*10,((C82/100)*10)),-10))+IF(D85="""",0,IF(REGE"&"XMATCH(D85,""W""),IF(D82<0,((-100/D82))*10,((D82/100)*10)),-10))+IF(E85="""",0,IF(REGEXMATCH(E85,""W""),IF(E82<0,((-100/E82))*10,((E82/100)*10)),-10))+IF(F85="""",0,IF(REGEXMATCH(F85,""W""),IF(F82<0,((-100/F82))*10,((F82/100)*10)),-10))+IF(G85="""",0,IF(R"&"EGEXMATCH(G85,""W""),IF(G82<0,((-100/G82))*10,((G82/100)*10)),-10))+IF(H85="""",0,IF(REGEXMATCH(H85,""W""),IF(H82<0,((-100/H82))*10,((H82/100)*10)),-10))+IF(I85="""",0,IF(REGEXMATCH(I85,""W""),IF(I82<0,((-100/I82))*10,((I82/100)*10)),-10))+IF(J85="""",0,I"&"F(REGEXMATCH(J85,""W""),IF(J82<0,((-100/J82))*10,((J82/100)*10)),-10))+IF(K85="""",0,IF(REGEXMATCH(K85,""W""),IF(K82<0,((-100/K82))*10,((K82/100)*10)),-10))+IF(L85="""",0,IF(REGEXMATCH(L85,""W""),IF(L82<0,((-100/L82))*10,((L82/100)*10)),-10))))"),"")
A92: Week 8 | C92: Austin | D92: Carson | E92: Clayton | F92: Dan | G92: Hunter | H92: Jake | I92: Nick | J92: Tanner | K92: Taylon | L92: Trey | O92: Parlay
A94: Pick | N94: Odds | O94: =IF(AND(C95="",AND(D95="",AND(E95="",AND(F95="",AND(G95="",AND(H95="",AND(I95="",AND(J95="",AND(K95="",L95=""))))))))),"",IF(((IF(C95="",1,IF(C95>0,(C95/100)+1,(100/((-1)*C95))+1)))*(IF(D95="",1,IF(D95>0,(D95/100)+1,(100/((-1)*D95))+1)))*(IF(E95="",1,IF(E95>0,(E95/100)+1,(100/((-1)*E95))+1)))*(IF(F95="",1,IF(F95>0,(F95/100)+1,(100/((-1)*F95))+1)))*(IF(G95="",1,IF(G95>0,(G95/100)+1,(100/((-1)*G95))+1)))*(IF(H95="",1,IF(H95>0,(H95/100)+1,(100/((-1)*H95))+1)))*(IF(I95="",1,IF(I95>0,(I95/100)+1,(100/((-1)*I95))+1)))*(IF(J95="",1,IF(J95>0,(J95/100)+1,(100/((-1)*J95))+1)))*(IF(K95="",1,IF(K95>0,(K95/100)+1,(100/((-1)*K95))+1)))*(IF(L95="",1,IF(L95>0,(L95/100)+1,(100/((-1)*L95))+1))))<2,((-100)/(((IF(C95="",1,IF(C95>0,(C95/100)+1,(100/((-1)*C95))+1)))*(IF(D95="",1,IF(D95>0,(D95/100)+1,(100/((-1)*D95))+1)))*(IF(E95="",1,IF(E95>0,(E95/100)+1,(100/((-1)*E95))+1)))*(IF(F95="",1,IF(F95>0,(F95/100)+1,(100/((-1)*F95))+1)))*(IF(G95="",1,IF(G95>0,(G95/100)+1,(100/((-1)*G95))+1)))*(IF(H95="",1,IF(H95>0,(H95/100)+1,(100/((-1)*H95))+1)))*(IF(I95="",1,IF(I95>0,(I95/100)+1,(100/((-1)*I95))+1)))*(IF(J95="",1,IF(J95>0,(J95/100)+1,(100/((-1)*J95))+1)))*(IF(K95="",1,IF(K95>0,(K95/100)+1,(100/((-1)*K95))+1)))*(IF(L95="",1,IF(L95>0,(L95/100)+1,(100/((-1)*L95))+1))))-1)),((((IF(C95="",1,IF(C95>0,(C95/100)+1,(100/((-1)*C95))+1)))*(IF(D95="",1,IF(D95>0,(D95/100)+1,(100/((-1)*D95))+1)))*(IF(E95="",1,IF(E95>0,(E95/100)+1,(100/((-1)*E95))+1)))*(IF(F95="",1,IF(F95>0,(F95/100)+1,(100/((-1)*F95))+1)))*(IF(G95="",1,IF(G95>0,(G95/100)+1,(100/((-1)*G95))+1)))*(IF(H95="",1,IF(H95>0,(H95/100)+1,(100/((-1)*H95))+1)))*(IF(I95="",1,IF(I95>0,(I95/100)+1,(100/((-1)*I95))+1)))*(IF(J95="",1,IF(J95>0,(J95/100)+1,(100/((-1)*J95))+1)))*(IF(K95="",1,IF(K95>0,(K95/100)+1,(100/((-1)*K95))+1)))*(IF(L95="",1,IF(L95>0,(L95/100)+1,(100/((-1)*L95))+1))))-1)*(100)))) | Q94: *Pick Made For Me*
A95: Odds | M95: 7 | N95: Return | O95: =IF(AND(C95="",AND(D95="",AND(E95="",AND(F95="",AND(G95="",AND(H95="",AND(I95="",AND(J95="",AND(K95="",L95=""))))))))),"",10+IF((IF(((IF(C95="",1,IF(C95>0,(C95/100)+1,(100/((-1)*C95))+1)))*(IF(D95="",1,IF(D95>0,(D95/100)+1,(100/((-1)*D95))+1)))*(IF(E95="",1,IF(E95>0,(E95/100)+1,(100/((-1)*E95))+1)))*(IF(F95="",1,IF(F95>0,(F95/100)+1,(100/((-1)*F95))+1)))*(IF(G95="",1,IF(G95>0,(G95/100)+1,(100/((-1)*G95))+1)))*(IF(H95="",1,IF(H95>0,(H95/100)+1,(100/((-1)*H95))+1)))*(IF(I95="",1,IF(I95>0,(I95/100)+1,(100/((-1)*I95))+1)))*(IF(J95="",1,IF(J95>0,(J95/100)+1,(100/((-1)*J95))+1)))*(IF(K95="",1,IF(K95>0,(K95/100)+1,(100/((-1)*K95))+1)))*(IF(L95="",1,IF(L95>0,(L95/100)+1,(100/((-1)*L95))+1))))<2,((-100)/(((IF(C95="",1,IF(C95>0,(C95/100)+1,(100/((-1)*C95))+1)))*(IF(D95="",1,IF(D95>0,(D95/100)+1,(100/((-1)*D95))+1)))*(IF(E95="",1,IF(E95>0,(E95/100)+1,(100/((-1)*E95))+1)))*(IF(F95="",1,IF(F95>0,(F95/100)+1,(100/((-1)*F95))+1)))*(IF(G95="",1,IF(G95>0,(G95/100)+1,(100/((-1)*G95))+1)))*(IF(H95="",1,IF(H95>0,(H95/100)+1,(100/((-1)*H95))+1)))*(IF(I95="",1,IF(I95>0,(I95/100)+1,(100/((-1)*I95))+1)))*(IF(J95="",1,IF(J95>0,(J95/100)+1,(100/((-1)*J95))+1)))*(IF(K95="",1,IF(K95>0,(K95/100)+1,(100/((-1)*K95))+1)))*(IF(L95="",1,IF(L95>0,(L95/100)+1,(100/((-1)*L95))+1))))-1)),((((IF(C95="",1,IF(C95>0,(C95/100)+1,(100/((-1)*C95))+1)))*(IF(D95="",1,IF(D95>0,(D95/100)+1,(100/((-1)*D95))+1)))*(IF(E95="",1,IF(E95>0,(E95/100)+1,(100/((-1)*E95))+1)))*(IF(F95="",1,IF(F95>0,(F95/100)+1,(100/((-1)*F95))+1)))*(IF(G95="",1,IF(G95>0,(G95/100)+1,(100/((-1)*G95))+1)))*(IF(H95="",1,IF(H95>0,(H95/100)+1,(100/((-1)*H95))+1)))*(IF(I95="",1,IF(I95>0,(I95/100)+1,(100/((-1)*I95))+1)))*(IF(J95="",1,IF(J95>0,(J95/100)+1,(100/((-1)*J95))+1)))*(IF(K95="",1,IF(K95>0,(K95/100)+1,(100/((-1)*K95))+1)))*(IF(L95="",1,IF(L95>0,(L95/100)+1,(100/((-1)*L95))+1))))-1)*(100))))<0,(((-100)/((IF(((IF(C95="",1,IF(C95>0,(C95/100)+1,(100/((-1)*C95))+1)))*(IF(D95="",1,IF(D95>0,(D95/100)+1,(100/((-1)*D95))+1)))*(IF(E95="",1,IF(E95>0,(E95/100)+1,(100/((-1)*E95))+1)))*(IF(F95="",1,IF(F95>0,(F95/100)+1,(100/((-1)*F95))+1)))*(IF(G95="",1,IF(G95>0,(G95/100)+1,(100/((-1)*G95))+1)))*(IF(H95="",1,IF(H95>0,(H95/100)+1,(100/((-1)*H95))+1)))*(IF(I95="",1,IF(I95>0,(I95/100)+1,(100/((-1)*I95))+1)))*(IF(J95="",1,IF(J95>0,(J95/100)+1,(100/((-1)*J95))+1)))*(IF(K95="",1,IF(K95>0,(K95/100)+1,(100/((-1)*K95))+1)))*(IF(L95="",1,IF(L95>0,(L95/100)+1,(100/((-1)*L95))+1))))<2,((-100)/(((IF(C95="",1,IF(C95>0,(C95/100)+1,(100/((-1)*C95))+1)))*(IF(D95="",1,IF(D95>0,(D95/100)+1,(100/((-1)*D95))+1)))*(IF(E95="",1,IF(E95>0,(E95/100)+1,(100/((-1)*E95))+1)))*(IF(F95="",1,IF(F95>0,(F95/100)+1,(100/((-1)*F95))+1)))*(IF(G95="",1,IF(G95>0,(G95/100)+1,(100/((-1)*G95))+1)))*(IF(H95="",1,IF(H95>0,(H95/100)+1,(100/((-1)*H95))+1)))*(IF(I95="",1,IF(I95>0,(I95/100)+1,(100/((-1)*I95))+1)))*(IF(J95="",1,IF(J95>0,(J95/100)+1,(100/((-1)*J95))+1)))*(IF(K95="",1,IF(K95>0,(K95/100)+1,(100/((-1)*K95))+1)))*(IF(L95="",1,IF(L95>0,(L95/100)+1,(100/((-1)*L95))+1))))-1)),((((IF(C95="",1,IF(C95>0,(C95/100)+1,(100/((-1)*C95))+1)))*(IF(D95="",1,IF(D95>0,(D95/100)+1,(100/((-1)*D95))+1)))*(IF(E95="",1,IF(E95>0,(E95/100)+1,(100/((-1)*E95))+1)))*(IF(F95="",1,IF(F95>0,(F95/100)+1,(100/((-1)*F95))+1)))*(IF(G95="",1,IF(G95>0,(G95/100)+1,(100/((-1)*G95))+1)))*(IF(H95="",1,IF(H95>0,(H95/100)+1,(100/((-1)*H95))+1)))*(IF(I95="",1,IF(I95>0,(I95/100)+1,(100/((-1)*I95))+1)))*(IF(J95="",1,IF(J95>0,(J95/100)+1,(100/((-1)*J95))+1)))*(IF(K95="",1,IF(K95>0,(K95/100)+1,(100/((-1)*K95))+1)))*(IF(L95="",1,IF(L95>0,(L95/100)+1,(100/((-1)*L95))+1))))-1)*(100))))))*10),(((IF(((IF(C95="",1,IF(C95>0,(C95/100)+1,(100/((-1)*C95))+1)))*(IF(D95="",1,IF(D95>0,(D95/100)+1,(100/((-1)*D95))+1)))*(IF(E95="",1,IF(E95>0,(E95/100)+1,(100/((-1)*E95))+1)))*(IF(F95="",1,IF(F95>0,(F95/100)+1,(100/((-1)*F95))+1)))*(IF(G95="",1,IF(G95>0,(G95/100)+1,(100/((-1)*G95))+1)))*(IF(H95="",1,IF(H95>0,(H95/100)+1,(100/((-1)*H95))+1)))*(IF(I95="",1,IF(I95>0,(I95/100)+1,(100/((-1)*I95))+1)))*(IF(J95="",1,IF(J95>0,(J95/100)+1,(100/((-1)*J95))+1)))*(IF(K95="",1,IF(K95>0,(K95/100)+1,(100/((-1)*K95))+1)))*(IF(L95="",1,IF(L95>0,(L95/100)+1,(100/((-1)*L95))+1))))<2,((-100)/(((IF(C95="",1,IF(C95>0,(C95/100)+1,(100/((-1)*C95))+1)))*(IF(D95="",1,IF(D95>0,(D95/100)+1,(100/((-1)*D95))+1)))*(IF(E95="",1,IF(E95>0,(E95/100)+1,(100/((-1)*E95))+1)))*(IF(F95="",1,IF(F95>0,(F95/100)+1,(100/((-1)*F95))+1)))*(IF(G95="",1,IF(G95>0,(G95/100)+1,(100/((-1)*G95))+1)))*(IF(H95="",1,IF(H95>0,(H95/100)+1,(100/((-1)*H95))+1)))*(IF(I95="",1,IF(I95>0,(I95/100)+1,(100/((-1)*I95))+1)))*(IF(J95="",1,IF(J95>0,(J95/100)+1,(100/((-1)*J95))+1)))*(IF(K95="",1,IF(K95>0,(K95/100)+1,(100/((-1)*K95))+1)))*(IF(L95="",1,IF(L95>0,(L95/100)+1,(100/((-1)*L95))+1))))-1)),((((IF(C95="",1,IF(C95>0,(C95/100)+1,(100/((-1)*C95))+1)))*(IF(D95="",1,IF(D95>0,(D95/100)+1,(100/((-1)*D95))+1)))*(IF(E95="",1,IF(E95>0,(E95/100)+1,(100/((-1)*E95))+1)))*(IF(F95="",1,IF(F95>0,(F95/100)+1,(100/((-1)*F95))+1)))*(IF(G95="",1,IF(G95>0,(G95/100)+1,(100/((-1)*G95))+1)))*(IF(H95="",1,IF(H95>0,(H95/100)+1,(100/((-1)*H95))+1)))*(IF(I95="",1,IF(I95>0,(I95/100)+1,(100/((-1)*I95))+1)))*(IF(J95="",1,IF(J95>0,(J95/100)+1,(100/((-1)*J95))+1)))*(IF(K95="",1,IF(K95>0,(K95/100)+1,(100/((-1)*K95))+1)))*(IF(L95="",1,IF(L95>0,(L95/100)+1,(100/((-1)*L95))+1))))-1)*(100))))/100)*10)))
A96: Matchup
A97: Outcome | O97: This Week | P97: Cumulative
A98: W/L | N98: Best Handicapper | O98: =IFERROR(__xludf.DUMMYFUNCTION("IF(OR(COUNTA(C95:L95) = 0, COUNTA(C98:L98) = 0), """", IFERROR(TEXTJOIN("", "", TRUE, FILTER(C92:L92, (C98:L98 = ""W"") * (C95:L95 = MAX(FILTER(C95:L95, C98:L98 = ""W""))))), """"))"),"") | P98: =IFERROR(__xludf.DUMMYFUNCTION("IF(COUNTA(C103:L103) = 0, """", IFERROR(TEXTJOIN("", "", TRUE, FILTER(C92:L92, C103:L103 = MAX(C103:L103))), """"))"),"")
A99: Wins | C99: =IF(OR(C95="",C98=""),"",C86+COUNTIF(C98,"W")) | D99: =IF(OR(D95="",D98=""),"",D86+COUNTIF(D98,"W")) | E99: =IF(OR(E95="",E98=""),"",E86+COUNTIF(E98,"W")) | F99: =IF(OR(F95="",F98=""),"",F86+COUNTIF(F98,"W")) | G99: =IF(OR(G95="",G98=""),"",G86+COUNTIF(G98,"W")) | H99: =IF(OR(H95="",H98=""),"",H86+COUNTIF(H98,"W")) | I99: =IF(OR(I95="",I98=""),"",I86+COUNTIF(I98,"W")) | J99: =IF(OR(J95="",J98=""),"",J86+COUNTIF(J98,"W")) | ... L99: =IF(OR(L95="",L98=""),"",L86+COUNTIF(L98,"W")) | N99: Worst Handicapper | O99: =IFERROR(__xludf.DUMMYFUNCTION("IF(OR(COUNTA(C95:L95) = 0, COUNTA(C98:L98) = 0), """", IFERROR(TEXTJOIN("", "", TRUE, FILTER(C92:L92, (C98:L98 = ""L"") * (C95:L95 = MIN(FILTER(C95:L95, C98:L98 = ""L""))))), """"))"),"") | P99: =IFERROR(__xludf.DUMMYFUNCTION("IF(COUNTA(C103:L103) = 0, """", IFERROR(TEXTJOIN("", "", TRUE, FILTER(C92:L92, C103:L103 = MIN(C103:L103))), """"))"),"")
A100: Losses | C100: =IF(OR(C95="",C98=""),"",C87+COUNTIF(C98,"L")) | D100: =IF(OR(D95="",D98=""),"",D87+COUNTIF(D98,"L")) | E100: =IF(OR(E95="",E98=""),"",E87+COUNTIF(E98,"L")) | F100: =IF(OR(F95="",F98=""),"",F87+COUNTIF(F98,"L")) | G100: =IF(OR(G95="",G98=""),"",G87+COUNTIF(G98,"L")) | H100: =IF(OR(H95="",H98=""),"",H87+COUNTIF(H98,"L")) | I100: =IF(OR(I95="",I98=""),"",I87+COUNTIF(I98,"L")) | J100: =IF(OR(J95="",J98=""),"",J87+COUNTIF(J98,"L")) | ... L100: =IF(OR(L95="",L98=""),"",L87+COUNTIF(L98,"L")) | N100: Ballsiest Bettor | O100: =IFERROR(__xludf.DUMMYFUNCTION("IF(COUNTA(C95:L95) = 0, """", IFERROR(TEXTJOIN("", "", TRUE, FILTER(C92:L92, C95:L95 = MAX(C95:L95))), """"))"),"") | P100: =IFERROR(__xludf.DUMMYFUNCTION("IF(COUNTA(C95:L95) = 0, """", IFERROR(TEXTJOIN("", "", TRUE, FILTER(C92:L92, C102:L102 = MAX(C102:L102))), """"))"),"")
A101: Win % | C101: =IF(OR(C95="",C98=""),"",(C99/(C99+C100))) | D101: =IF(OR(D95="",D98=""),"",(D99/(D99+D100))) | E101: =IF(OR(E95="",E98=""),"",(E99/(E99+E100))) | F101: =IF(OR(F95="",F98=""),"",(F99/(F99+F100))) | G101: =IF(OR(G95="",G98=""),"",(G99/(G99+G100))) | H101: =IF(OR(H95="",H98=""),"",(H99/(H99+H100))) | I101: =IF(OR(I95="",I98=""),"",(I99/(I99+I100))) | J101: =IF(OR(J95="",J98=""),"",(J99/(J99+J100))) | ... L101: =IF(OR(L95="",L98=""),"",(L99/(L99+L100))) | N101: Parlay Pussy | O101: =IFERROR(__xludf.DUMMYFUNCTION("IF(COUNTA(C95:L95) = 0, """", IFERROR(TEXTJOIN("", "", TRUE, FILTER(C92:L92, C95:L95 = MIN(C95:L95))), """"))"),"") | P101: =IFERROR(__xludf.DUMMYFUNCTION("IF(COUNTA(C95:L95) = 0, """", IFERROR(TEXTJOIN("", "", TRUE, FILTER(C92:L92, C102:L102 = MIN(C102:L102))), """"))"),"")
A102: Average Odds | C102: =IF(C95="","",IF(((IF(C95 <0,((-100/C95)+1),((C95/100)+1))+(IF(C89<0,((-100/C89)+1),((C89/100)+1)))*(C86+C87))/(C86+C87+1))<2,(-100/(((IF(C95 <0,((-100/C95)+1),((C95/100)+1))+(IF(C89<0,((-100/C89)+1),((C89/100)+1)))*(C86+C87))/(C86+C87+1))-1)),(((IF(C95 <0,((-100/C95)+1),((C95/100)+1))+(IF(C89<0,((-100/C89)+1),((C89/100)+1)))*(C86+C87))/(C86+C87+1))-1)*100)) | D102: =IF(D95="","",IF(((IF(D95 <0,((-100/D95)+1),((D95/100)+1))+(IF(D89<0,((-100/D89)+1),((D89/100)+1)))*(D86+D87))/(D86+D87+1))<2,(-100/(((IF(D95 <0,((-100/D95)+1),((D95/100)+1))+(IF(D89<0,((-100/D89)+1),((D89/100)+1)))*(D86+D87))/(D86+D87+1))-1)),(((IF(D95 <0,((-100/D95)+1),((D95/100)+1))+(IF(D89<0,((-100/D89)+1),((D89/100)+1)))*(D86+D87))/(D86+D87+1))-1)*100)) | E102: =IF(E95="","",IF(((IF(E95 <0,((-100/E95)+1),((E95/100)+1))+(IF(E89<0,((-100/E89)+1),((E89/100)+1)))*(E86+E87))/(E86+E87+1))<2,(-100/(((IF(E95 <0,((-100/E95)+1),((E95/100)+1))+(IF(E89<0,((-100/E89)+1),((E89/100)+1)))*(E86+E87))/(E86+E87+1))-1)),(((IF(E95 <0,((-100/E95)+1),((E95/100)+1))+(IF(E89<0,((-100/E89)+1),((E89/100)+1)))*(E86+E87))/(E86+E87+1))-1)*100)) | F102: =IF(F95="","",IF(((IF(F95 <0,((-100/F95)+1),((F95/100)+1))+(IF(F89<0,((-100/F89)+1),((F89/100)+1)))*(F86+F87))/(F86+F87+1))<2,(-100/(((IF(F95 <0,((-100/F95)+1),((F95/100)+1))+(IF(F89<0,((-100/F89)+1),((F89/100)+1)))*(F86+F87))/(F86+F87+1))-1)),(((IF(F95 <0,((-100/F95)+1),((F95/100)+1))+(IF(F89<0,((-100/F89)+1),((F89/100)+1)))*(F86+F87))/(F86+F87+1))-1)*100)) | G102: =IF(G95="","",IF(((IF(G95 <0,((-100/G95)+1),((G95/100)+1))+(IF(G89<0,((-100/G89)+1),((G89/100)+1)))*(G86+G87))/(G86+G87+1))<2,(-100/(((IF(G95 <0,((-100/G95)+1),((G95/100)+1))+(IF(G89<0,((-100/G89)+1),((G89/100)+1)))*(G86+G87))/(G86+G87+1))-1)),(((IF(G95 <0,((-100/G95)+1),((G95/100)+1))+(IF(G89<0,((-100/G89)+1),((G89/100)+1)))*(G86+G87))/(G86+G87+1))-1)*100)) | H102: =IF(H95="","",IF(((IF(H95 <0,((-100/H95)+1),((H95/100)+1))+(IF(H89<0,((-100/H89)+1),((H89/100)+1)))*(H86+H87))/(H86+H87+1))<2,(-100/(((IF(H95 <0,((-100/H95)+1),((H95/100)+1))+(IF(H89<0,((-100/H89)+1),((H89/100)+1)))*(H86+H87))/(H86+H87+1))-1)),(((IF(H95 <0,((-100/H95)+1),((H95/100)+1))+(IF(H89<0,((-100/H89)+1),((H89/100)+1)))*(H86+H87))/(H86+H87+1))-1)*100)) | I102: =IF(I95="","",IF(((IF(I95 <0,((-100/I95)+1),((I95/100)+1))+(IF(I89<0,((-100/I89)+1),((I89/100)+1)))*(I86+I87))/(I86+I87+1))<2,(-100/(((IF(I95 <0,((-100/I95)+1),((I95/100)+1))+(IF(I89<0,((-100/I89)+1),((I89/100)+1)))*(I86+I87))/(I86+I87+1))-1)),(((IF(I95 <0,((-100/I95)+1),((I95/100)+1))+(IF(I89<0,((-100/I89)+1),((I89/100)+1)))*(I86+I87))/(I86+I87+1))-1)*100)) | J102: =IF(J95="","",IF(((IF(J95 <0,((-100/J95)+1),((J95/100)+1))+(IF(J89<0,((-100/J89)+1),((J89/100)+1)))*(J86+J87))/(J86+J87+1))<2,(-100/(((IF(J95 <0,((-100/J95)+1),((J95/100)+1))+(IF(J89<0,((-100/J89)+1),((J89/100)+1)))*(J86+J87))/(J86+J87+1))-1)),(((IF(J95 <0,((-100/J95)+1),((J95/100)+1))+(IF(J89<0,((-100/J89)+1),((J89/100)+1)))*(J86+J87))/(J86+J87+1))-1)*100)) | ... L102: =IF(L95="","",IF(((IF(L95 <0,((-100/L95)+1),((L95/100)+1))+(IF(L89<0,((-100/L89)+1),((L89/100)+1)))*(L86+L87))/(L86+L87+1))<2,(-100/(((IF(L95 <0,((-100/L95)+1),((L95/100)+1))+(IF(L89<0,((-100/L89)+1),((L89/100)+1)))*(L86+L87))/(L86+L87+1))-1)),(((IF(L95 <0,((-100/L95)+1),((L95/100)+1))+(IF(L89<0,((-100/L89)+1),((L89/100)+1)))*(L86+L87))/(L86+L87+1))-1)*100))
A103: "If I bet $10 every week" | C103: =IFERROR(__xludf.DUMMYFUNCTION("IF(OR(C95="""",C98=""""),"""",IF(REGEXMATCH(C98,""W""),IF(C95<0,((-100/C95))*10+C90,((C95/100)*10+C90)),-10+C90))"),"") | D103: =IFERROR(__xludf.DUMMYFUNCTION("IF(OR(D95="""",D98=""""),"""",IF(REGEXMATCH(D98,""W""),IF(D95<0,((-100/D95))*10+D90,((D95/100)*10+D90)),-10+D90))"),"") | E103: =IFERROR(__xludf.DUMMYFUNCTION("IF(OR(E95="""",E98=""""),"""",IF(REGEXMATCH(E98,""W""),IF(E95<0,((-100/E95))*10+E90,((E95/100)*10+E90)),-10+E90))"),"") | F103: =IFERROR(__xludf.DUMMYFUNCTION("IF(OR(F95="""",F98=""""),"""",IF(REGEXMATCH(F98,""W""),IF(F95<0,((-100/F95))*10+F90,((F95/100)*10+F90)),-10+F90))"),"") | G103: =IFERROR(__xludf.DUMMYFUNCTION("IF(OR(G95="""",G98=""""),"""",IF(REGEXMATCH(G98,""W""),IF(G95<0,((-100/G95))*10+G90,((G95/100)*10+G90)),-10+G90))"),"") | H103: =IFERROR(__xludf.DUMMYFUNCTION("IF(OR(H95="""",H98=""""),"""",IF(REGEXMATCH(H98,""W""),IF(H95<0,((-100/H95))*10+H90,((H95/100)*10+H90)),-10+H90))"),"") | I103: =IFERROR(__xludf.DUMMYFUNCTION("IF(OR(I95="""",I98=""""),"""",IF(REGEXMATCH(I98,""W""),IF(I95<0,((-100/I95))*10+I90,((I95/100)*10+I90)),-10+I90))"),"") | J103: =IFERROR(__xludf.DUMMYFUNCTION("IF(OR(J95="""",J98=""""),"""",IF(REGEXMATCH(J98,""W""),IF(J95<0,((-100/J95))*10+J90,((J95/100)*10+J90)),-10+J90))"),"") | K103: =IFERROR(__xludf.DUMMYFUNCTION("IF(OR(K95="""",K98=""""),"""",IF(REGEXMATCH(K98,""W""),IF(K95<0,((-100/K95))*10+K90,((K95/100)*10+K90)),-10+K90))"),"") | L103: =IFERROR(__xludf.DUMMYFUNCTION("IF(OR(L95="""",L98=""""),"""",IF(REGEXMATCH(L98,""W""),IF(L95<0,((-100/L95))*10+L90,((L95/100)*10+L90)),-10+L90))"),"") | N103: "If I placed all 10 bets @ $10 each week" | O103: =IFERROR(__xludf.DUMMYFUNCTION("IF(AND(C103="""",AND(D103="""",AND(E103="""",AND(F103="""",AND(G103="""",AND(H103="""",AND(I103="""",AND(J103="""",AND(K103="""",L103=""""))))))))),"""",(IF(C98="""",0,IF(REGEXMATCH(C98,""W""),IF(C95<0,((-100/C95))*10,((C95/100)*10)),-10))+IF(D98="""",0,I"&"F(REGEXMATCH(D98,""W""),IF(D95<0,((-100/D95))*10,((D95/100)*10)),-10))+IF(E98="""",0,IF(REGEXMATCH(E98,""W""),IF(E95<0,((-100/E95))*10,((E95/100)*10)),-10))+IF(F98="""",0,IF(REGEXMATCH(F98,""W""),IF(F95<0,((-100/F95))*10,((F95/100)*10)),-10))+IF(G98="""","&"0,IF(REGEXMATCH(G98,""W""),IF(G95<0,((-100/G95))*10,((G95/100)*10)),-10))+IF(H98="""",0,IF(REGEXMATCH(H98,""W""),IF(H95<0,((-100/H95))*10,((H95/100)*10)),-10))+IF(I98="""",0,IF(REGEXMATCH(I98,""W""),IF(I95<0,((-100/I95))*10,((I95/100)*10)),-10))+IF(J98="""&""",0,IF(REGEXMATCH(J98,""W""),IF(J95<0,((-100/J95))*10,((J95/100)*10)),-10))+IF(K98="""",0,IF(REGEXMATCH(K98,""W""),IF(K95<0,((-100/K95))*10,((K95/100)*10)),-10))+IF(L98="""",0,IF(REGEXMATCH(L98,""W""),IF(L95<0,((-100/L95))*10,((L95/100)*10)),-10))))"),"") | P103: =IFERROR(__xludf.DUMMYFUNCTION("IF(AND(C103="""",AND(D103="""",AND(E103="""",AND(F103="""",AND(G103="""",AND(H103="""",AND(I103="""",AND(J103="""",AND(K103="""",L103=""""))))))))),"""",(P90+IF(C98="""",0,IF(REGEXMATCH(C98,""W""),IF(C95<0,((-100/C95))*10,((C95/100)*10)),-10))+IF(D98="""""&",0,IF(REGEXMATCH(D98,""W""),IF(D95<0,((-100/D95))*10,((D95/100)*10)),-10))+IF(E98="""",0,IF(REGEXMATCH(E98,""W""),IF(E95<0,((-100/E95))*10,((E95/100)*10)),-10))+IF(F98="""",0,IF(REGEXMATCH(F98,""W""),IF(F95<0,((-100/F95))*10,((F95/100)*10)),-10))+IF(G98="&""""",0,IF(REGEXMATCH(G98,""W""),IF(G95<0,((-100/G95))*10,((G95/100)*10)),-10))+IF(H98="""",0,IF(REGEXMATCH(H98,""W""),IF(H95<0,((-100/H95))*10,((H95/100)*10)),-10))+IF(I98="""",0,IF(REGEXMATCH(I98,""W""),IF(I95<0,((-100/I95))*10,((I95/100)*10)),-10))+IF(J"&"98="""",0,IF(REGEXMATCH(J98,""W""),IF(J95<0,((-100/J95))*10,((J95/100)*10)),-10))+IF(K98="""",0,IF(REGEXMATCH(K98,""W""),IF(K95<0,((-100/K95))*10,((K95/100)*10)),-10))+IF(L98="""",0,IF(REGEXMATCH(L98,""W""),IF(L95<0,((-100/L95))*10,((L95/100)*10)),-10))))"),"")
A105: Week 9 | C105: Austin | D105: Carson | E105: Clayton | F105: Dan | G105: Hunter | H105: Jake | I105: Nick | J105: Tanner | K105: Taylon | L105: Trey | O105: Parlay
A107: Pick | N107: Odds | O107: =IF(AND(C108="",AND(D108="",AND(E108="",AND(F108="",AND(G108="",AND(H108="",AND(I108="",AND(J108="",AND(K108="",L108=""))))))))),"",IF(((IF(C108="",1,IF(C108>0,(C108/100)+1,(100/((-1)*C108))+1)))*(IF(D108="",1,IF(D108>0,(D108/100)+1,(100/((-1)*D108))+1)))*(IF(E108="",1,IF(E108>0,(E108/100)+1,(100/((-1)*E108))+1)))*(IF(F108="",1,IF(F108>0,(F108/100)+1,(100/((-1)*F108))+1)))*(IF(G108="",1,IF(G108>0,(G108/100)+1,(100/((-1)*G108))+1)))*(IF(H108="",1,IF(H108>0,(H108/100)+1,(100/((-1)*H108))+1)))*(IF(I108="",1,IF(I108>0,(I108/100)+1,(100/((-1)*I108))+1)))*(IF(J108="",1,IF(J108>0,(J108/100)+1,(100/((-1)*J108))+1)))*(IF(K108="",1,IF(K108>0,(K108/100)+1,(100/((-1)*K108))+1)))*(IF(L108="",1,IF(L108>0,(L108/100)+1,(100/((-1)*L108))+1))))<2,((-100)/(((IF(C108="",1,IF(C108>0,(C108/100)+1,(100/((-1)*C108))+1)))*(IF(D108="",1,IF(D108>0,(D108/100)+1,(100/((-1)*D108))+1)))*(IF(E108="",1,IF(E108>0,(E108/100)+1,(100/((-1)*E108))+1)))*(IF(F108="",1,IF(F108>0,(F108/100)+1,(100/((-1)*F108))+1)))*(IF(G108="",1,IF(G108>0,(G108/100)+1,(100/((-1)*G108))+1)))*(IF(H108="",1,IF(H108>0,(H108/100)+1,(100/((-1)*H108))+1)))*(IF(I108="",1,IF(I108>0,(I108/100)+1,(100/((-1)*I108))+1)))*(IF(J108="",1,IF(J108>0,(J108/100)+1,(100/((-1)*J108))+1)))*(IF(K108="",1,IF(K108>0,(K108/100)+1,(100/((-1)*K108))+1)))*(IF(L108="",1,IF(L108>0,(L108/100)+1,(100/((-1)*L108))+1))))-1)),((((IF(C108="",1,IF(C108>0,(C108/100)+1,(100/((-1)*C108))+1)))*(IF(D108="",1,IF(D108>0,(D108/100)+1,(100/((-1)*D108))+1)))*(IF(E108="",1,IF(E108>0,(E108/100)+1,(100/((-1)*E108))+1)))*(IF(F108="",1,IF(F108>0,(F108/100)+1,(100/((-1)*F108))+1)))*(IF(G108="",1,IF(G108>0,(G108/100)+1,(100/((-1)*G108))+1)))*(IF(H108="",1,IF(H108>0,(H108/100)+1,(100/((-1)*H108))+1)))*(IF(I108="",1,IF(I108>0,(I108/100)+1,(100/((-1)*I108))+1)))*(IF(J108="",1,IF(J108>0,(J108/100)+1,(100/((-1)*J108))+1)))*(IF(K108="",1,IF(K108>0,(K108/100)+1,(100/((-1)*K108))+1)))*(IF(L108="",1,IF(L108>0,(L108/100)+1,(100/((-1)*L108))+1))))-1)*(100)))) | Q107: *Pick Made For Me*
A108: Odds | M108: 8 | N108: Return | O108: =IF(AND(C108="",AND(D108="",AND(E108="",AND(F108="",AND(G108="",AND(H108="",AND(I108="",AND(J108="",AND(K108="",L108=""))))))))),"",10+IF((IF(((IF(C108="",1,IF(C108>0,(C108/100)+1,(100/((-1)*C108))+1)))*(IF(D108="",1,IF(D108>0,(D108/100)+1,(100/((-1)*D108))+1)))*(IF(E108="",1,IF(E108>0,(E108/100)+1,(100/((-1)*E108))+1)))*(IF(F108="",1,IF(F108>0,(F108/100)+1,(100/((-1)*F108))+1)))*(IF(G108="",1,IF(G108>0,(G108/100)+1,(100/((-1)*G108))+1)))*(IF(H108="",1,IF(H108>0,(H108/100)+1,(100/((-1)*H108))+1)))*(IF(I108="",1,IF(I108>0,(I108/100)+1,(100/((-1)*I108))+1)))*(IF(J108="",1,IF(J108>0,(J108/100)+1,(100/((-1)*J108))+1)))*(IF(K108="",1,IF(K108>0,(K108/100)+1,(100/((-1)*K108))+1)))*(IF(L108="",1,IF(L108>0,(L108/100)+1,(100/((-1)*L108))+1))))<2,((-100)/(((IF(C108="",1,IF(C108>0,(C108/100)+1,(100/((-1)*C108))+1)))*(IF(D108="",1,IF(D108>0,(D108/100)+1,(100/((-1)*D108))+1)))*(IF(E108="",1,IF(E108>0,(E108/100)+1,(100/((-1)*E108))+1)))*(IF(F108="",1,IF(F108>0,(F108/100)+1,(100/((-1)*F108))+1)))*(IF(G108="",1,IF(G108>0,(G108/100)+1,(100/((-1)*G108))+1)))*(IF(H108="",1,IF(H108>0,(H108/100)+1,(100/((-1)*H108))+1)))*(IF(I108="",1,IF(I108>0,(I108/100)+1,(100/((-1)*I108))+1)))*(IF(J108="",1,IF(J108>0,(J108/100)+1,(100/((-1)*J108))+1)))*(IF(K108="",1,IF(K108>0,(K108/100)+1,(100/((-1)*K108))+1)))*(IF(L108="",1,IF(L108>0,(L108/100)+1,(100/((-1)*L108))+1))))-1)),((((IF(C108="",1,IF(C108>0,(C108/100)+1,(100/((-1)*C108))+1)))*(IF(D108="",1,IF(D108>0,(D108/100)+1,(100/((-1)*D108))+1)))*(IF(E108="",1,IF(E108>0,(E108/100)+1,(100/((-1)*E108))+1)))*(IF(F108="",1,IF(F108>0,(F108/100)+1,(100/((-1)*F108))+1)))*(IF(G108="",1,IF(G108>0,(G108/100)+1,(100/((-1)*G108))+1)))*(IF(H108="",1,IF(H108>0,(H108/100)+1,(100/((-1)*H108))+1)))*(IF(I108="",1,IF(I108>0,(I108/100)+1,(100/((-1)*I108))+1)))*(IF(J108="",1,IF(J108>0,(J108/100)+1,(100/((-1)*J108))+1)))*(IF(K108="",1,IF(K108>0,(K108/100)+1,(100/((-1)*K108))+1)))*(IF(L108="",1,IF(L108>0,(L108/100)+1,(100/((-1)*L108))+1))))-1)*(100))))<0,(((-100)/((IF(((IF(C108="",1,IF(C108>0,(C108/100)+1,(100/((-1)*C108))+1)))*(IF(D108="",1,IF(D108>0,(D108/100)+1,(100/((-1)*D108))+1)))*(IF(E108="",1,IF(E108>0,(E108/100)+1,(100/((-1)*E108))+1)))*(IF(F108="",1,IF(F108>0,(F108/100)+1,(100/((-1)*F108))+1)))*(IF(G108="",1,IF(G108>0,(G108/100)+1,(100/((-1)*G108))+1)))*(IF(H108="",1,IF(H108>0,(H108/100)+1,(100/((-1)*H108))+1)))*(IF(I108="",1,IF(I108>0,(I108/100)+1,(100/((-1)*I108))+1)))*(IF(J108="",1,IF(J108>0,(J108/100)+1,(100/((-1)*J108))+1)))*(IF(K108="",1,IF(K108>0,(K108/100)+1,(100/((-1)*K108))+1)))*(IF(L108="",1,IF(L108>0,(L108/100)+1,(100/((-1)*L108))+1))))<2,((-100)/(((IF(C108="",1,IF(C108>0,(C108/100)+1,(100/((-1)*C108))+1)))*(IF(D108="",1,IF(D108>0,(D108/100)+1,(100/((-1)*D108))+1)))*(IF(E108="",1,IF(E108>0,(E108/100)+1,(100/((-1)*E108))+1)))*(IF(F108="",1,IF(F108>0,(F108/100)+1,(100/((-1)*F108))+1)))*(IF(G108="",1,IF(G108>0,(G108/100)+1,(100/((-1)*G108))+1)))*(IF(H108="",1,IF(H108>0,(H108/100)+1,(100/((-1)*H108))+1)))*(IF(I108="",1,IF(I108>0,(I108/100)+1,(100/((-1)*I108))+1)))*(IF(J108="",1,IF(J108>0,(J108/100)+1,(100/((-1)*J108))+1)))*(IF(K108="",1,IF(K108>0,(K108/100)+1,(100/((-1)*K108))+1)))*(IF(L108="",1,IF(L108>0,(L108/100)+1,(100/((-1)*L108))+1))))-1)),((((IF(C108="",1,IF(C108>0,(C108/100)+1,(100/((-1)*C108))+1)))*(IF(D108="",1,IF(D108>0,(D108/100)+1,(100/((-1)*D108))+1)))*(IF(E108="",1,IF(E108>0,(E108/100)+1,(100/((-1)*E108))+1)))*(IF(F108="",1,IF(F108>0,(F108/100)+1,(100/((-1)*F108))+1)))*(IF(G108="",1,IF(G108>0,(G108/100)+1,(100/((-1)*G108))+1)))*(IF(H108="",1,IF(H108>0,(H108/100)+1,(100/((-1)*H108))+1)))*(IF(I108="",1,IF(I108>0,(I108/100)+1,(100/((-1)*I108))+1)))*(IF(J108="",1,IF(J108>0,(J108/100)+1,(100/((-1)*J108))+1)))*(IF(K108="",1,IF(K108>0,(K108/100)+1,(100/((-1)*K108))+1)))*(IF(L108="",1,IF(L108>0,(L108/100)+1,(100/((-1)*L108))+1))))-1)*(100))))))*10),(((IF(((IF(C108="",1,IF(C108>0,(C108/100)+1,(100/((-1)*C108))+1)))*(IF(D108="",1,IF(D108>0,(D108/100)+1,(100/((-1)*D108))+1)))*(IF(E108="",1,IF(E108>0,(E108/100)+1,(100/((-1)*E108))+1)))*(IF(F108="",1,IF(F108>0,(F108/100)+1,(100/((-1)*F108))+1)))*(IF(G108="",1,IF(G108>0,(G108/100)+1,(100/((-1)*G108))+1)))*(IF(H108="",1,IF(H108>0,(H108/100)+1,(100/((-1)*H108))+1)))*(IF(I108="",1,IF(I108>0,(I108/100)+1,(100/((-1)*I108))+1)))*(IF(J108="",1,IF(J108>0,(J108/100)+1,(100/((-1)*J108))+1)))*(IF(K108="",1,IF(K108>0,(K108/100)+1,(100/((-1)*K108))+1)))*(IF(L108="",1,IF(L108>0,(L108/100)+1,(100/((-1)*L108))+1))))<2,((-100)/(((IF(C108="",1,IF(C108>0,(C108/100)+1,(100/((-1)*C108))+1)))*(IF(D108="",1,IF(D108>0,(D108/100)+1,(100/((-1)*D108))+1)))*(IF(E108="",1,IF(E108>0,(E108/100)+1,(100/((-1)*E108))+1)))*(IF(F108="",1,IF(F108>0,(F108/100)+1,(100/((-1)*F108))+1)))*(IF(G108="",1,IF(G108>0,(G108/100)+1,(100/((-1)*G108))+1)))*(IF(H108="",1,IF(H108>0,(H108/100)+1,(100/((-1)*H108))+1)))*(IF(I108="",1,IF(I108>0,(I108/100)+1,(100/((-1)*I108))+1)))*(IF(J108="",1,IF(J108>0,(J108/100)+1,(100/((-1)*J108))+1)))*(IF(K108="",1,IF(K108>0,(K108/100)+1,(100/((-1)*K108))+1)))*(IF(L108="",1,IF(L108>0,(L108/100)+1,(100/((-1)*L108))+1))))-1)),((((IF(C108="",1,IF(C108>0,(C108/100)+1,(100/((-1)*C108))+1)))*(IF(D108="",1,IF(D108>0,(D108/100)+1,(100/((-1)*D108))+1)))*(IF(E108="",1,IF(E108>0,(E108/100)+1,(100/((-1)*E108))+1)))*(IF(F108="",1,IF(F108>0,(F108/100)+1,(100/((-1)*F108))+1)))*(IF(G108="",1,IF(G108>0,(G108/100)+1,(100/((-1)*G108))+1)))*(IF(H108="",1,IF(H108>0,(H108/100)+1,(100/((-1)*H108))+1)))*(IF(I108="",1,IF(I108>0,(I108/100)+1,(100/((-1)*I108))+1)))*(IF(J108="",1,IF(J108>0,(J108/100)+1,(100/((-1)*J108))+1)))*(IF(K108="",1,IF(K108>0,(K108/100)+1,(100/((-1)*K108))+1)))*(IF(L108="",1,IF(L108>0,(L108/100)+1,(100/((-1)*L108))+1))))-1)*(100))))/100)*10)))
A109: Matchup
A110: Outcome | O110: This Week | P110: Cumulative
A111: W/L | N111: Best Handicapper | O111: =IFERROR(__xludf.DUMMYFUNCTION("IF(OR(COUNTA(C108:L108) = 0, COUNTA(C111:L111) = 0), """", IFERROR(TEXTJOIN("", "", TRUE, FILTER(C105:L105, (C111:L111 = ""W"") * (C108:L108 = MAX(FILTER(C108:L108, C111:L111 = ""W""))))), """"))"),"") | P111: =IFERROR(__xludf.DUMMYFUNCTION("IF(COUNTA(C116:L116) = 0, """", IFERROR(TEXTJOIN("", "", TRUE, FILTER(C105:L105, C116:L116 = MAX(C116:L116))), """"))"),"")
A112: Wins | C112: =IF(OR(C108="",C111=""),"",C99+COUNTIF(C111,"W")) | D112: =IF(OR(D108="",D111=""),"",D99+COUNTIF(D111,"W")) | E112: =IF(OR(E108="",E111=""),"",E99+COUNTIF(E111,"W")) | F112: =IF(OR(F108="",F111=""),"",F99+COUNTIF(F111,"W")) | G112: =IF(OR(G108="",G111=""),"",G99+COUNTIF(G111,"W")) | H112: =IF(OR(H108="",H111=""),"",H99+COUNTIF(H111,"W")) | I112: =IF(OR(I108="",I111=""),"",I99+COUNTIF(I111,"W")) | J112: =IF(OR(J108="",J111=""),"",J99+COUNTIF(J111,"W")) | ... L112: =IF(OR(L108="",L111=""),"",L99+COUNTIF(L111,"W")) | N112: Worst Handicapper | O112: =IFERROR(__xludf.DUMMYFUNCTION("IF(OR(COUNTA(C108:L108) = 0, COUNTA(C111:L111) = 0), """", IFERROR(TEXTJOIN("", "", TRUE, FILTER(C105:L105, (C111:L111 = ""L"") * (C108:L108 = MIN(FILTER(C108:L108, C111:L111 = ""L""))))), """"))"),"") | P112: =IFERROR(__xludf.DUMMYFUNCTION("IF(COUNTA(C116:L116) = 0, """", IFERROR(TEXTJOIN("", "", TRUE, FILTER(C105:L105, C116:L116 = MIN(C116:L116))), """"))"),"")
A113: Losses | C113: =IF(OR(C108="",C111=""),"",C100+COUNTIF(C111,"L")) | D113: =IF(OR(D108="",D111=""),"",D100+COUNTIF(D111,"L")) | E113: =IF(OR(E108="",E111=""),"",E100+COUNTIF(E111,"L")) | F113: =IF(OR(F108="",F111=""),"",F100+COUNTIF(F111,"L")) | G113: =IF(OR(G108="",G111=""),"",G100+COUNTIF(G111,"L")) | H113: =IF(OR(H108="",H111=""),"",H100+COUNTIF(H111,"L")) | I113: =IF(OR(I108="",I111=""),"",I100+COUNTIF(I111,"L")) | J113: =IF(OR(J108="",J111=""),"",J100+COUNTIF(J111,"L")) | ... L113: =IF(OR(L108="",L111=""),"",L100+COUNTIF(L111,"L")) | N113: Ballsiest Bettor | O113: =IFERROR(__xludf.DUMMYFUNCTION("IF(COUNTA(C108:L108) = 0, """", IFERROR(TEXTJOIN("", "", TRUE, FILTER(C105:L105, C108:L108 = MAX(C108:L108))), """"))"),"") | P113: =IFERROR(__xludf.DUMMYFUNCTION("IF(COUNTA(C108:L108) = 0, """", IFERROR(TEXTJOIN("", "", TRUE, FILTER(C105:L105, C115:L115 = MAX(C115:L115))), """"))"),"")
A114: Win % | C114: =IF(OR(C108="",C111=""),"",(C112/(C112+C113))) | D114: =IF(OR(D108="",D111=""),"",(D112/(D112+D113))) | E114: =IF(OR(E108="",E111=""),"",(E112/(E112+E113))) | F114: =IF(OR(F108="",F111=""),"",(F112/(F112+F113))) | G114: =IF(OR(G108="",G111=""),"",(G112/(G112+G113))) | H114: =IF(OR(H108="",H111=""),"",(H112/(H112+H113))) | I114: =IF(OR(I108="",I111=""),"",(I112/(I112+I113))) | J114: =IF(OR(J108="",J111=""),"",(J112/(J112+J113))) | ... L114: =IF(OR(L108="",L111=""),"",(L112/(L112+L113))) | N114: Parlay Pussy | O114: =IFERROR(__xludf.DUMMYFUNCTION("IF(COUNTA(C108:L108) = 0, """", IFERROR(TEXTJOIN("", "", TRUE, FILTER(C105:L105, C108:L108 = MIN(C108:L108))), """"))"),"") | P114: =IFERROR(__xludf.DUMMYFUNCTION("IF(COUNTA(C108:L108) = 0, """", IFERROR(TEXTJOIN("", "", TRUE, FILTER(C105:L105, C115:L115 = MIN(C115:L115))), """"))"),"")
A115: Average Odds | C115: =IF(C108="","",IF(((IF(C108 <0,((-100/C108)+1),((C108/100)+1))+(IF(C102<0,((-100/C102)+1),((C102/100)+1)))*(C99+C100))/(C99+C100+1))<2,(-100/(((IF(C108 <0,((-100/C108)+1),((C108/100)+1))+(IF(C102<0,((-100/C102)+1),((C102/100)+1)))*(C99+C100))/(C99+C100+1))-1)),(((IF(C108 <0,((-100/C108)+1),((C108/100)+1))+(IF(C102<0,((-100/C102)+1),((C102/100)+1)))*(C99+C100))/(C99+C100+1))-1)*100)) | D115: =IF(D108="","",IF(((IF(D108 <0,((-100/D108)+1),((D108/100)+1))+(IF(D102<0,((-100/D102)+1),((D102/100)+1)))*(D99+D100))/(D99+D100+1))<2,(-100/(((IF(D108 <0,((-100/D108)+1),((D108/100)+1))+(IF(D102<0,((-100/D102)+1),((D102/100)+1)))*(D99+D100))/(D99+D100+1))-1)),(((IF(D108 <0,((-100/D108)+1),((D108/100)+1))+(IF(D102<0,((-100/D102)+1),((D102/100)+1)))*(D99+D100))/(D99+D100+1))-1)*100)) | E115: =IF(E108="","",IF(((IF(E108 <0,((-100/E108)+1),((E108/100)+1))+(IF(E102<0,((-100/E102)+1),((E102/100)+1)))*(E99+E100))/(E99+E100+1))<2,(-100/(((IF(E108 <0,((-100/E108)+1),((E108/100)+1))+(IF(E102<0,((-100/E102)+1),((E102/100)+1)))*(E99+E100))/(E99+E100+1))-1)),(((IF(E108 <0,((-100/E108)+1),((E108/100)+1))+(IF(E102<0,((-100/E102)+1),((E102/100)+1)))*(E99+E100))/(E99+E100+1))-1)*100)) | F115: =IF(F108="","",IF(((IF(F108 <0,((-100/F108)+1),((F108/100)+1))+(IF(F102<0,((-100/F102)+1),((F102/100)+1)))*(F99+F100))/(F99+F100+1))<2,(-100/(((IF(F108 <0,((-100/F108)+1),((F108/100)+1))+(IF(F102<0,((-100/F102)+1),((F102/100)+1)))*(F99+F100))/(F99+F100+1))-1)),(((IF(F108 <0,((-100/F108)+1),((F108/100)+1))+(IF(F102<0,((-100/F102)+1),((F102/100)+1)))*(F99+F100))/(F99+F100+1))-1)*100)) | G115: =IF(G108="","",IF(((IF(G108 <0,((-100/G108)+1),((G108/100)+1))+(IF(G102<0,((-100/G102)+1),((G102/100)+1)))*(G99+G100))/(G99+G100+1))<2,(-100/(((IF(G108 <0,((-100/G108)+1),((G108/100)+1))+(IF(G102<0,((-100/G102)+1),((G102/100)+1)))*(G99+G100))/(G99+G100+1))-1)),(((IF(G108 <0,((-100/G108)+1),((G108/100)+1))+(IF(G102<0,((-100/G102)+1),((G102/100)+1)))*(G99+G100))/(G99+G100+1))-1)*100)) | H115: =IF(H108="","",IF(((IF(H108 <0,((-100/H108)+1),((H108/100)+1))+(IF(H102<0,((-100/H102)+1),((H102/100)+1)))*(H99+H100))/(H99+H100+1))<2,(-100/(((IF(H108 <0,((-100/H108)+1),((H108/100)+1))+(IF(H102<0,((-100/H102)+1),((H102/100)+1)))*(H99+H100))/(H99+H100+1))-1)),(((IF(H108 <0,((-100/H108)+1),((H108/100)+1))+(IF(H102<0,((-100/H102)+1),((H102/100)+1)))*(H99+H100))/(H99+H100+1))-1)*100)) | I115: =IF(I108="","",IF(((IF(I108 <0,((-100/I108)+1),((I108/100)+1))+(IF(I102<0,((-100/I102)+1),((I102/100)+1)))*(I99+I100))/(I99+I100+1))<2,(-100/(((IF(I108 <0,((-100/I108)+1),((I108/100)+1))+(IF(I102<0,((-100/I102)+1),((I102/100)+1)))*(I99+I100))/(I99+I100+1))-1)),(((IF(I108 <0,((-100/I108)+1),((I108/100)+1))+(IF(I102<0,((-100/I102)+1),((I102/100)+1)))*(I99+I100))/(I99+I100+1))-1)*100)) | J115: =IF(J108="","",IF(((IF(J108 <0,((-100/J108)+1),((J108/100)+1))+(IF(J102<0,((-100/J102)+1),((J102/100)+1)))*(J99+J100))/(J99+J100+1))<2,(-100/(((IF(J108 <0,((-100/J108)+1),((J108/100)+1))+(IF(J102<0,((-100/J102)+1),((J102/100)+1)))*(J99+J100))/(J99+J100+1))-1)),(((IF(J108 <0,((-100/J108)+1),((J108/100)+1))+(IF(J102<0,((-100/J102)+1),((J102/100)+1)))*(J99+J100))/(J99+J100+1))-1)*100)) | ... L115: =IF(L108="","",IF(((IF(L108 <0,((-100/L108)+1),((L108/100)+1))+(IF(L102<0,((-100/L102)+1),((L102/100)+1)))*(L99+L100))/(L99+L100+1))<2,(-100/(((IF(L108 <0,((-100/L108)+1),((L108/100)+1))+(IF(L102<0,((-100/L102)+1),((L102/100)+1)))*(L99+L100))/(L99+L100+1))-1)),(((IF(L108 <0,((-100/L108)+1),((L108/100)+1))+(IF(L102<0,((-100/L102)+1),((L102/100)+1)))*(L99+L100))/(L99+L100+1))-1)*100))
A116: "If I bet $10 every week" | C116: =IFERROR(__xludf.DUMMYFUNCTION("IF(OR(C108="""",C111=""""),"""",IF(REGEXMATCH(C111,""W""),IF(C108<0,((-100/C108))*10+C103,((C108/100)*10+C103)),-10+C103))"),"") | D116: =IFERROR(__xludf.DUMMYFUNCTION("IF(OR(D108="""",D111=""""),"""",IF(REGEXMATCH(D111,""W""),IF(D108<0,((-100/D108))*10+D103,((D108/100)*10+D103)),-10+D103))"),"") | E116: =IFERROR(__xludf.DUMMYFUNCTION("IF(OR(E108="""",E111=""""),"""",IF(REGEXMATCH(E111,""W""),IF(E108<0,((-100/E108))*10+E103,((E108/100)*10+E103)),-10+E103))"),"") | F116: =IFERROR(__xludf.DUMMYFUNCTION("IF(OR(F108="""",F111=""""),"""",IF(REGEXMATCH(F111,""W""),IF(F108<0,((-100/F108))*10+F103,((F108/100)*10+F103)),-10+F103))"),"") | G116: =IFERROR(__xludf.DUMMYFUNCTION("IF(OR(G108="""",G111=""""),"""",IF(REGEXMATCH(G111,""W""),IF(G108<0,((-100/G108))*10+G103,((G108/100)*10+G103)),-10+G103))"),"") | H116: =IFERROR(__xludf.DUMMYFUNCTION("IF(OR(H108="""",H111=""""),"""",IF(REGEXMATCH(H111,""W""),IF(H108<0,((-100/H108))*10+H103,((H108/100)*10+H103)),-10+H103))"),"") | I116: =IFERROR(__xludf.DUMMYFUNCTION("IF(OR(I108="""",I111=""""),"""",IF(REGEXMATCH(I111,""W""),IF(I108<0,((-100/I108))*10+I103,((I108/100)*10+I103)),-10+I103))"),"") | J116: =IFERROR(__xludf.DUMMYFUNCTION("IF(OR(J108="""",J111=""""),"""",IF(REGEXMATCH(J111,""W""),IF(J108<0,((-100/J108))*10+J103,((J108/100)*10+J103)),-10+J103))"),"") | K116: =IFERROR(__xludf.DUMMYFUNCTION("IF(OR(K108="""",K111=""""),"""",IF(REGEXMATCH(K111,""W""),IF(K108<0,((-100/K108))*10+K103,((K108/100)*10+K103)),-10+K103))"),"") | L116: =IFERROR(__xludf.DUMMYFUNCTION("IF(OR(L108="""",L111=""""),"""",IF(REGEXMATCH(L111,""W""),IF(L108<0,((-100/L108))*10+L103,((L108/100)*10+L103)),-10+L103))"),"") | N116: "If I placed all 10 bets @ $10 each week" | O116: =IFERROR(__xludf.DUMMYFUNCTION("IF(AND(C116="""",AND(D116="""",AND(E116="""",AND(F116="""",AND(G116="""",AND(H116="""",AND(I116="""",AND(J116="""",AND(K116="""",L116=""""))))))))),"""",(IF(C111="""",0,IF(REGEXMATCH(C111,""W""),IF(C108<0,((-100/C108))*10,((C108/100)*10)),-10))+IF(D111="""&""",0,IF(REGEXMATCH(D111,""W""),IF(D108<0,((-100/D108))*10,((D108/100)*10)),-10))+IF(E111="""",0,IF(REGEXMATCH(E111,""W""),IF(E108<0,((-100/E108))*10,((E108/100)*10)),-10))+IF(F111="""",0,IF(REGEXMATCH(F111,""W""),IF(F108<0,((-100/F108))*10,((F108/100)*10)"&"),-10))+IF(G111="""",0,IF(REGEXMATCH(G111,""W""),IF(G108<0,((-100/G108))*10,((G108/100)*10)),-10))+IF(H111="""",0,IF(REGEXMATCH(H111,""W""),IF(H108<0,((-100/H108))*10,((H108/100)*10)),-10))+IF(I111="""",0,IF(REGEXMATCH(I111,""W""),IF(I108<0,((-100/I108))*"&"10,((I108/100)*10)),-10))+IF(J111="""",0,IF(REGEXMATCH(J111,""W""),IF(J108<0,((-100/J108))*10,((J108/100)*10)),-10))+IF(K111="""",0,IF(REGEXMATCH(K111,""W""),IF(K108<0,((-100/K108))*10,((K108/100)*10)),-10))+IF(L111="""",0,IF(REGEXMATCH(L111,""W""),IF(L10"&"8<0,((-100/L108))*10,((L108/100)*10)),-10))))"),"") | P116: =IFERROR(__xludf.DUMMYFUNCTION("IF(AND(C116="""",AND(D116="""",AND(E116="""",AND(F116="""",AND(G116="""",AND(H116="""",AND(I116="""",AND(J116="""",AND(K116="""",L116=""""))))))))),"""",(P103+IF(C111="""",0,IF(REGEXMATCH(C111,""W""),IF(C108<0,((-100/C108))*10,((C108/100)*10)),-10))+IF(D1"&"11="""",0,IF(REGEXMATCH(D111,""W""),IF(D108<0,((-100/D108))*10,((D108/100)*10)),-10))+IF(E111="""",0,IF(REGEXMATCH(E111,""W""),IF(E108<0,((-100/E108))*10,((E108/100)*10)),-10))+IF(F111="""",0,IF(REGEXMATCH(F111,""W""),IF(F108<0,((-100/F108))*10,((F108/100"&")*10)),-10))+IF(G111="""",0,IF(REGEXMATCH(G111,""W""),IF(G108<0,((-100/G108))*10,((G108/100)*10)),-10))+IF(H111="""",0,IF(REGEXMATCH(H111,""W""),IF(H108<0,((-100/H108))*10,((H108/100)*10)),-10))+IF(I111="""",0,IF(REGEXMATCH(I111,""W""),IF(I108<0,((-100/I1"&"08))*10,((I108/100)*10)),-10))+IF(J111="""",0,IF(REGEXMATCH(J111,""W""),IF(J108<0,((-100/J108))*10,((J108/100)*10)),-10))+IF(K111="""",0,IF(REGEXMATCH(K111,""W""),IF(K108<0,((-100/K108))*10,((K108/100)*10)),-10))+IF(L111="""",0,IF(REGEXMATCH(L111,""W""),I"&"F(L108<0,((-100/L108))*10,((L108/100)*10)),-10))))"),"")
A118: Week 10 | C118: Austin | D118: Carson | E118: Clayton | F118: Dan | G118: Hunter | H118: Jake | I118: Nick | J118: Tanner | K118: Taylon | L118: Trey | O118: Parlay
...

Sheet 2025
A1: Week 1 | C1: Austin | D1: Carson | E1: Clayton | F1: Dan | G1: Hunter | H1: Jake | I1: Nick | J1: Tanner | K1: Taylon | L1: Trey | O1: Parlay
A3: Pick | C3: Commanders -3.5 | D3: Steelers Moneyline | E3: Panthers +3.5 | F3: Cardinals -6.5 | G3: B. Bowers 76+ Rec. Yards | H3: Texans +2.5 | I3: J. Burrow Over 7.5 Rush Yards | J3: Broncos -6.5 | K3: Seahawks Under 20.5 Points | L3: J. Gibbs ATD | N3: Odds | O3: =IF(AND(C4="",AND(D4="",AND(E4="",AND(F4="",AND(G4="",AND(H4="",AND(I4="",AND(J4="",AND(K4="",L4=""))))))))),"",IF(((IF(C4="",1,IF(C4>0,(C4/100)+1,(100/((-1)*C4))+1)))*(IF(D4="",1,IF(D4>0,(D4/100)+1,(100/((-1)*D4))+1)))*(IF(E4="",1,IF(E4>0,(E4/100)+1,(100/((-1)*E4))+1)))*(IF(F4="",1,IF(F4>0,(F4/100)+1,(100/((-1)*F4))+1)))*(IF(G4="",1,IF(G4>0,(G4/100)+1,(100/((-1)*G4))+1)))*(IF(H4="",1,IF(H4>0,(H4/100)+1,(100/((-1)*H4))+1)))*(IF(I4="",1,IF(I4>0,(I4/100)+1,(100/((-1)*I4))+1)))*(IF(J4="",1,IF(J4>0,(J4/100)+1,(100/((-1)*J4))+1)))*(IF(K4="",1,IF(K4>0,(K4/100)+1,(100/((-1)*K4))+1)))*(IF(L4="",1,IF(L4>0,(L4/100)+1,(100/((-1)*L4))+1))))<2,((-100)/(((IF(C4="",1,IF(C4>0,(C4/100)+1,(100/((-1)*C4))+1)))*(IF(D4="",1,IF(D4>0,(D4/100)+1,(100/((-1)*D4))+1)))*(IF(E4="",1,IF(E4>0,(E4/100)+1,(100/((-1)*E4))+1)))*(IF(F4="",1,IF(F4>0,(F4/100)+1,(100/((-1)*F4))+1)))*(IF(G4="",1,IF(G4>0,(G4/100)+1,(100/((-1)*G4))+1)))*(IF(H4="",1,IF(H4>0,(H4/100)+1,(100/((-1)*H4))+1)))*(IF(I4="",1,IF(I4>0,(I4/100)+1,(100/((-1)*I4))+1)))*(IF(J4="",1,IF(J4>0,(J4/100)+1,(100/((-1)*J4))+1)))*(IF(K4="",1,IF(K4>0,(K4/100)+1,(100/((-1)*K4))+1)))*(IF(L4="",1,IF(L4>0,(L4/100)+1,(100/((-1)*L4))+1))))-1)),((((IF(C4="",1,IF(C4>0,(C4/100)+1,(100/((-1)*C4))+1)))*(IF(D4="",1,IF(D4>0,(D4/100)+1,(100/((-1)*D4))+1)))*(IF(E4="",1,IF(E4>0,(E4/100)+1,(100/((-1)*E4))+1)))*(IF(F4="",1,IF(F4>0,(F4/100)+1,(100/((-1)*F4))+1)))*(IF(G4="",1,IF(G4>0,(G4/100)+1,(100/((-1)*G4))+1)))*(IF(H4="",1,IF(H4>0,(H4/100)+1,(100/((-1)*H4))+1)))*(IF(I4="",1,IF(I4>0,(I4/100)+1,(100/((-1)*I4))+1)))*(IF(J4="",1,IF(J4>0,(J4/100)+1,(100/((-1)*J4))+1)))*(IF(K4="",1,IF(K4>0,(K4/100)+1,(100/((-1)*K4))+1)))*(IF(L4="",1,IF(L4>0,(L4/100)+1,(100/((-1)*L4))+1))))-1)*(100)))) -> 41962.665 | Q3: *Pick Made For Me*
A4: Odds | C4: -159 | D4: -167 | E4: -109 | F4: -115 | G4: 118 | H4: 115 | I4: -118 | J4: -167 | K4: -115 | L4: -135 | N4: Return | O4: =IF(AND(C4="",AND(D4="",AND(E4="",AND(F4="",AND(G4="",AND(H4="",AND(I4="",AND(J4="",AND(K4="",L4=""))))))))),"",10+IF((IF(((IF(C4="",1,IF(C4>0,(C4/100)+1,(100/((-1)*C4))+1)))*(IF(D4="",1,IF(D4>0,(D4/100)+1,(100/((-1)*D4))+1)))*(IF(E4="",1,IF(E4>0,(E4/100)+1,(100/((-1)*E4))+1)))*(IF(F4="",1,IF(F4>0,(F4/100)+1,(100/((-1)*F4))+1)))*(IF(G4="",1,IF(G4>0,(G4/100)+1,(100/((-1)*G4))+1)))*(IF(H4="",1,IF(H4>0,(H4/100)+1,(100/((-1)*H4))+1)))*(IF(I4="",1,IF(I4>0,(I4/100)+1,(100/((-1)*I4))+1)))*(IF(J4="",1,IF(J4>0,(J4/100)+1,(100/((-1)*J4))+1)))*(IF(K4="",1,IF(K4>0,(K4/100)+1,(100/((-1)*K4))+1)))*(IF(L4="",1,IF(L4>0,(L4/100)+1,(100/((-1)*L4))+1))))<2,((-100)/(((IF(C4="",1,IF(C4>0,(C4/100)+1,(100/((-1)*C4))+1)))*(IF(D4="",1,IF(D4>0,(D4/100)+1,(100/((-1)*D4))+1)))*(IF(E4="",1,IF(E4>0,(E4/100)+1,(100/((-1)*E4))+1)))*(IF(F4="",1,IF(F4>0,(F4/100)+1,(100/((-1)*F4))+1)))*(IF(G4="",1,IF(G4>0,(G4/100)+1,(100/((-1)*G4))+1)))*(IF(H4="",1,IF(H4>0,(H4/100)+1,(100/((-1)*H4))+1)))*(IF(I4="",1,IF(I4>0,(I4/100)+1,(100/((-1)*I4))+1)))*(IF(J4="",1,IF(J4>0,(J4/100)+1,(100/((-1)*J4))+1)))*(IF(K4="",1,IF(K4>0,(K4/100)+1,(100/((-1)*K4))+1)))*(IF(L4="",1,IF(L4>0,(L4/100)+1,(100/((-1)*L4))+1))))-1)),((((IF(C4="",1,IF(C4>0,(C4/100)+1,(100/((-1)*C4))+1)))*(IF(D4="",1,IF(D4>0,(D4/100)+1,(100/((-1)*D4))+1)))*(IF(E4="",1,IF(E4>0,(E4/100)+1,(100/((-1)*E4))+1)))*(IF(F4="",1,IF(F4>0,(F4/100)+1,(100/((-1)*F4))+1)))*(IF(G4="",1,IF(G4>0,(G4/100)+1,(100/((-1)*G4))+1)))*(IF(H4="",1,IF(H4>0,(H4/100)+1,(100/((-1)*H4))+1)))*(IF(I4="",1,IF(I4>0,(I4/100)+1,(100/((-1)*I4))+1)))*(IF(J4="",1,IF(J4>0,(J4/100)+1,(100/((-1)*J4))+1)))*(IF(K4="",1,IF(K4>0,(K4/100)+1,(100/((-1)*K4))+1)))*(IF(L4="",1,IF(L4>0,(L4/100)+1,(100/((-1)*L4))+1))))-1)*(100))))<0,(((-100)/((IF(((IF(C4="",1,IF(C4>0,(C4/100)+1,(100/((-1)*C4))+1)))*(IF(D4="",1,IF(D4>0,(D4/100)+1,(100/((-1)*D4))+1)))*(IF(E4="",1,IF(E4>0,(E4/100)+1,(100/((-1)*E4))+1)))*(IF(F4="",1,IF(F4>0,(F4/100)+1,(100/((-1)*F4))+1)))*(IF(G4="",1,IF(G4>0,(G4/100)+1,(100/((-1)*G4))+1)))*(IF(H4="",1,IF(H4>0,(H4/100)+1,(100/((-1)*H4))+1)))*(IF(I4="",1,IF(I4>0,(I4/100)+1,(100/((-1)*I4))+1)))*(IF(J4="",1,IF(J4>0,(J4/100)+1,(100/((-1)*J4))+1)))*(IF(K4="",1,IF(K4>0,(K4/100)+1,(100/((-1)*K4))+1)))*(IF(L4="",1,IF(L4>0,(L4/100)+1,(100/((-1)*L4))+1))))<2,((-100)/(((IF(C4="",1,IF(C4>0,(C4/100)+1,(100/((-1)*C4))+1)))*(IF(D4="",1,IF(D4>0,(D4/100)+1,(100/((-1)*D4))+1)))*(IF(E4="",1,IF(E4>0,(E4/100)+1,(100/((-1)*E4))+1)))*(IF(F4="",1,IF(F4>0,(F4/100)+1,(100/((-1)*F4))+1)))*(IF(G4="",1,IF(G4>0,(G4/100)+1,(100/((-1)*G4))+1)))*(IF(H4="",1,IF(H4>0,(H4/100)+1,(100/((-1)*H4))+1)))*(IF(I4="",1,IF(I4>0,(I4/100)+1,(100/((-1)*I4))+1)))*(IF(J4="",1,IF(J4>0,(J4/100)+1,(100/((-1)*J4))+1)))*(IF(K4="",1,IF(K4>0,(K4/100)+1,(100/((-1)*K4))+1)))*(IF(L4="",1,IF(L4>0,(L4/100)+1,(100/((-1)*L4))+1))))-1)),((((IF(C4="",1,IF(C4>0,(C4/100)+1,(100/((-1)*C4))+1)))*(IF(D4="",1,IF(D4>0,(D4/100)+1,(100/((-1)*D4))+1)))*(IF(E4="",1,IF(E4>0,(E4/100)+1,(100/((-1)*E4))+1)))*(IF(F4="",1,IF(F4>0,(F4/100)+1,(100/((-1)*F4))+1)))*(IF(G4="",1,IF(G4>0,(G4/100)+1,(100/((-1)*G4))+1)))*(IF(H4="",1,IF(H4>0,(H4/100)+1,(100/((-1)*H4))+1)))*(IF(I4="",1,IF(I4>0,(I4/100)+1,(100/((-1)*I4))+1)))*(IF(J4="",1,IF(J4>0,(J4/100)+1,(100/((-1)*J4))+1)))*(IF(K4="",1,IF(K4>0,(K4/100)+1,(100/((-1)*K4))+1)))*(IF(L4="",1,IF(L4>0,(L4/100)+1,(100/((-1)*L4))+1))))-1)*(100))))))*10),(((IF(((IF(C4="",1,IF(C4>0,(C4/100)+1,(100/((-1)*C4))+1)))*(IF(D4="",1,IF(D4>0,(D4/100)+1,(100/((-1)*D4))+1)))*(IF(E4="",1,IF(E4>0,(E4/100)+1,(100/((-1)*E4))+1)))*(IF(F4="",1,IF(F4>0,(F4/100)+1,(100/((-1)*F4))+1)))*(IF(G4="",1,IF(G4>0,(G4/100)+1,(100/((-1)*G4))+1)))*(IF(H4="",1,IF(H4>0,(H4/100)+1,(100/((-1)*H4))+1)))*(IF(I4="",1,IF(I4>0,(I4/100)+1,(100/((-1)*I4))+1)))*(IF(J4="",1,IF(J4>0,(J4/100)+1,(100/((-1)*J4))+1)))*(IF(K4="",1,IF(K4>0,(K4/100)+1,(100/((-1)*K4))+1)))*(IF(L4="",1,IF(L4>0,(L4/100)+1,(100/((-1)*L4))+1))))<2,((-100)/(((IF(C4="",1,IF(C4>0,(C4/100)+1,(100/((-1)*C4))+1)))*(IF(D4="",1,IF(D4>0,(D4/100)+1,(100/((-1)*D4))+1)))*(IF(E4="",1,IF(E4>0,(E4/100)+1,(100/((-1)*E4))+1)))*(IF(F4="",1,IF(F4>0,(F4/100)+1,(100/((-1)*F4))+1)))*(IF(G4="",1,IF(G4>0,(G4/100)+1,(100/((-1)*G4))+1)))*(IF(H4="",1,IF(H4>0,(H4/100)+1,(100/((-1)*H4))+1)))*(IF(I4="",1,IF(I4>0,(I4/100)+1,(100/((-1)*I4))+1)))*(IF(J4="",1,IF(J4>0,(J4/100)+1,(100/((-1)*J4))+1)))*(IF(K4="",1,IF(K4>0,(K4/100)+1,(100/((-1)*K4))+1)))*(IF(L4="",1,IF(L4>0,(L4/100)+1,(100/((-1)*L4))+1))))-1)),((((IF(C4="",1,IF(C4>0,(C4/100)+1,(100/((-1)*C4))+1)))*(IF(D4="",1,IF(D4>0,(D4/100)+1,(100/((-1)*D4))+1)))*(IF(E4="",1,IF(E4>0,(E4/100)+1,(100/((-1)*E4))+1)))*(IF(F4="",1,IF(F4>0,(F4/100)+1,(100/((-1)*F4))+1)))*(IF(G4="",1,IF(G4>0,(G4/100)+1,(100/((-1)*G4))+1)))*(IF(H4="",1,IF(H4>0,(H4/100)+1,(100/((-1)*H4))+1)))*(IF(I4="",1,IF(I4>0,(I4/100)+1,(100/((-1)*I4))+1)))*(IF(J4="",1,IF(J4>0,(J4/100)+1,(100/((-1)*J4))+1)))*(IF(K4="",1,IF(K4>0,(K4/100)+1,(100/((-1)*K4))+1)))*(IF(L4="",1,IF(L4>0,(L4/100)+1,(100/((-1)*L4))+1))))-1)*(100))))/100)*10))) -> 4206.2665
A5: Matchup | C5: Giants @ Commanders | D5: Steelers @ Jets | E5: Panthers @ Jaguars | F5: Cardinals @ Saints | G5: Raiders @ Patriots | H5: Texans @ Rams | I5: Bengals @ Browns | J5: Titans @ Broncos | K5: 49ers @ Seahawks | L5: Lions @ Packers
A6: Outcome | C6: 45829 | D6: 34-32 | E6: 45956 | F6: 20-13 | G6: 103 Rec. Yards | H6: 45914 | I6: 3 Rush Yards | J6: 46011 | K6: 17-13 | L6: 0 TD | O6: This Week | P6: Cumulative
A7: W/L | C7: W | D7: W | E7: L | F7: W | G7: W | H7: L | I7: L | J7: W | K7: W | L7: L | N7: Best Handicapper | O7: =IFERROR(__xludf.DUMMYFUNCTION("IF(OR(COUNTA(C4:L4) = 0, COUNTA(C7:L7) = 0), """", IFERROR(TEXTJOIN("", "", TRUE, FILTER(C1:L1, (C7:L7 = ""W"") * (C4:L4 = MAX(FILTER(C4:L4, C7:L7 = ""W""))))), """"))"),"Hunter") -> Hunter | P7: =IFERROR(__xludf.DUMMYFUNCTION("IF(COUNTA(C12:L12) = 0, """", IFERROR(TEXTJOIN("", "", TRUE, FILTER(C1:L1, C12:L12 = MAX(C12:L12))), """"))"),"Hunter") -> Hunter
A8: Wins | C8: =IF(C7="","",COUNTIF(C7,"W")) -> 1 | D8: =IF(D7="","",COUNTIF(D7,"W")) -> 1 | E8: =IF(E7="","",COUNTIF(E7,"W")) -> 0 | F8: =IF(F7="","",COUNTIF(F7,"W")) -> 1 | G8: =IF(G7="","",COUNTIF(G7,"W")) -> 1 | H8: =IF(H7="","",COUNTIF(H7,"W")) -> 0 | I8: =IF(I7="","",COUNTIF(I7,"W")) -> 0 | J8: =IF(J7="","",COUNTIF(J7,"W")) -> 1 | ... L8: =IF(L7="","",COUNTIF(L7,"W")) -> 0 | N8: Worst Handicapper | O8: =IFERROR(__xludf.DUMMYFUNCTION("IF(OR(COUNTA(C4:L4) = 0, COUNTA(C7:L7) = 0), """", IFERROR(TEXTJOIN("", "", TRUE, FILTER(C1:L1, (C7:L7 = ""L"") * (C4:L4 = MIN(FILTER(C4:L4, C7:L7 = ""L""))))), """"))"),"Trey") -> Trey | P8: =IFERROR(__xludf.DUMMYFUNCTION("IF(COUNTA(C12:L12) = 0, """", IFERROR(TEXTJOIN("", "", TRUE, FILTER(C1:L1, C12:L12 = MIN(C12:L12))), """"))"),"Clayton, Jake, Nick, Trey") -> Clayton, Jake, Nick, Trey
A9: Losses | C9: =IF(C7="","",COUNTIF(C7,"L")) -> 0 | D9: =IF(D7="","",COUNTIF(D7,"L")) -> 0 | E9: =IF(E7="","",COUNTIF(E7,"L")) -> 1 | F9: =IF(F7="","",COUNTIF(F7,"L")) -> 0 | G9: =IF(G7="","",COUNTIF(G7,"L")) -> 0 | H9: =IF(H7="","",COUNTIF(H7,"L")) -> 1 | I9: =IF(I7="","",COUNTIF(I7,"L")) -> 1 | J9: =IF(J7="","",COUNTIF(J7,"L")) -> 0 | ... L9: =IF(L7="","",COUNTIF(L7,"L")) -> 1 | N9: Ballsiest Bettor | O9: =IFERROR(__xludf.DUMMYFUNCTION("IF(COUNTA(C4:L4) = 0, """", IFERROR(TEXTJOIN("", "", TRUE, FILTER(C1:L1, C4:L4 = MAX(C4:L4))), """"))"),"Hunter") -> Hunter | P9: =IFERROR(__xludf.DUMMYFUNCTION("IF(COUNTA(C4:L4) = 0, """", IFERROR(TEXTJOIN("", "", TRUE, FILTER(C1:L1, C11:L11 = MAX(C11:L11))), """"))"),"Hunter") -> Hunter
A10: Win % | C10: =IF(C7="","",(C8/(C8+C9))) -> 1 | D10: =IF(D7="","",(D8/(D8+D9))) -> 1 | E10: =IF(E7="","",(E8/(E8+E9))) -> 0 | F10: =IF(F7="","",(F8/(F8+F9))) -> 1 | G10: =IF(G7="","",(G8/(G8+G9))) -> 1 | H10: =IF(H7="","",(H8/(H8+H9))) -> 0 | I10: =IF(I7="","",(I8/(I8+I9))) -> 0 | J10: =IF(J7="","",(J8/(J8+J9))) -> 1 | ... L10: =IF(L7="","",(L8/(L8+L9))) -> 0 | N10: Parlay Pussy | O10: =IFERROR(__xludf.DUMMYFUNCTION("IF(COUNTA(C4:L4) = 0, """", IFERROR(TEXTJOIN("", "", TRUE, FILTER(C1:L1, C4:L4 = MIN(C4:L4))), """"))"),"Carson, Tanner") -> Carson, Tanner | P10: =IFERROR(__xludf.DUMMYFUNCTION("IF(COUNTA(C4:L4) = 0, """", IFERROR(TEXTJOIN("", "", TRUE, FILTER(C1:L1, C11:L11 = MIN(C11:L11))), """"))"),"Carson, Tanner") -> Carson, Tanner
A11: Average Odds | C11: =C4 -> -159 | D11: =D4 -> -167 | E11: =E4 -> -109 | F11: =F4 -> -115 | G11: =G4 -> 118 | H11: =H4 -> 115 | I11: =I4 -> -118 | J11: =J4 -> -167 | ... L11: =L4 -> -135
A12: "If I bet $10 every week" | C12: =IFERROR(__xludf.DUMMYFUNCTION("IF(C7="""","""",IF(REGEXMATCH(C7,""W""),IF(C4<0,((-100/C4))*10,((C4/100)*10)),-10))"),6.289308176100628) -> 6.2893082 | D12: =IFERROR(__xludf.DUMMYFUNCTION("IF(D7="""","""",IF(REGEXMATCH(D7,""W""),IF(D4<0,((-100/D4))*10,((D4/100)*10)),-10))"),5.988023952095808) -> 5.988024 | E12: =IFERROR(__xludf.DUMMYFUNCTION("IF(E7="""","""",IF(REGEXMATCH(E7,""W""),IF(E4<0,((-100/E4))*10,((E4/100)*10)),-10))"),-10.0) -> -10 | F12: =IFERROR(__xludf.DUMMYFUNCTION("IF(F7="""","""",IF(REGEXMATCH(F7,""W""),IF(F4<0,((-100/F4))*10,((F4/100)*10)),-10))"),8.695652173913043) -> 8.6956522 | G12: =IFERROR(__xludf.DUMMYFUNCTION("IF(G7="""","""",IF(REGEXMATCH(G7,""W""),IF(G4<0,((-100/G4))*10,((G4/100)*10)),-10))"),11.799999999999999) -> 11.8 | H12: =IFERROR(__xludf.DUMMYFUNCTION("IF(H7="""","""",IF(REGEXMATCH(H7,""W""),IF(H4<0,((-100/H4))*10,((H4/100)*10)),-10))"),-10.0) -> -10 | I12: =IFERROR(__xludf.DUMMYFUNCTION("IF(I7="""","""",IF(REGEXMATCH(I7,""W""),IF(I4<0,((-100/I4))*10,((I4/100)*10)),-10))"),-10.0) -> -10 | J12: =IFERROR(__xludf.DUMMYFUNCTION("IF(J7="""","""",IF(REGEXMATCH(J7,""W""),IF(J4<0,((-100/J4))*10,((J4/100)*10)),-10))"),5.988023952095808) -> 5.988024 | K12: =IFERROR(__xludf.DUMMYFUNCTION("IF(K7="""","""",IF(REGEXMATCH(K7,""W""),IF(K4<0,((-100/K4))*10,((K4/100)*10)),-10))"),8.695652173913043) -> 8.6956522 | L12: =IFERROR(__xludf.DUMMYFUNCTION("IF(L7="""","""",IF(REGEXMATCH(L7,""W""),IF(L4<0,((-100/L4))*10,((L4/100)*10)),-10))"),-10.0) -> -10 | N12: "If I placed all 10 bets @ $10 each week" | O12: =sum(C12:L12) -> 7.4566604 | P12: =O12 -> 7.4566604
A14: Week 2 | C14: Austin | D14: Carson | E14: Clayton | F14: Dan | G14: Hunter | H14: Jake | I14: Nick | J14: Tanner | K14: Taylon | L14: Trey | O14: Parlay
A16: Pick | C16: C. Little Over 1.5 FGs Made | D16: Eagles Moneyline | E16: Bears +6.5 | F16: Cowboys -5.5 | G16: S. Diggs Long Rec. Over 18.5 Yards | H16: Bills @ Jets Over 48.5 | I16: J. Johnson Over 3.5 Receptions | J16: Chargers -2.5 | K16: Steelers -2.5 | L16: Vikings -3.5 | N16: Odds | O16: =IF(AND(C17="",AND(D17="",AND(E17="",AND(F17="",AND(G17="",AND(H17="",AND(I17="",AND(J17="",AND(K17="",L17=""))))))))),"",IF(((IF(C17="",1,IF(C17>0,(C17/100)+1,(100/((-1)*C17))+1)))*(IF(D17="",1,IF(D17>0,(D17/100)+1,(100/((-1)*D17))+1)))*(IF(E17="",1,IF(E17>0,(E17/100)+1,(100/((-1)*E17))+1)))*(IF(F17="",1,IF(F17>0,(F17/100)+1,(100/((-1)*F17))+1)))*(IF(G17="",1,IF(G17>0,(G17/100)+1,(100/((-1)*G17))+1)))*(IF(H17="",1,IF(H17>0,(H17/100)+1,(100/((-1)*H17))+1)))*(IF(I17="",1,IF(I17>0,(I17/100)+1,(100/((-1)*I17))+1)))*(IF(J17="",1,IF(J17>0,(J17/100)+1,(100/((-1)*J17))+1)))*(IF(K17="",1,IF(K17>0,(K17/100)+1,(100/((-1)*K17))+1)))*(IF(L17="",1,IF(L17>0,(L17/100)+1,(100/((-1)*L17))+1))))<2,((-100)/(((IF(C17="",1,IF(C17>0,(C17/100)+1,(100/((-1)*C17))+1)))*(IF(D17="",1,IF(D17>0,(D17/100)+1,(100/((-1)*D17))+1)))*(IF(E17="",1,IF(E17>0,(E17/100)+1,(100/((-1)*E17))+1)))*(IF(F17="",1,IF(F17>0,(F17/100)+1,(100/((-1)*F17))+1)))*(IF(G17="",1,IF(G17>0,(G17/100)+1,(100/((-1)*G17))+1)))*(IF(H17="",1,IF(H17>0,(H17/100)+1,(100/((-1)*H17))+1)))*(IF(I17="",1,IF(I17>0,(I17/100)+1,(100/((-1)*I17))+1)))*(IF(J17="",1,IF(J17>0,(J17/100)+1,(100/((-1)*J17))+1)))*(IF(K17="",1,IF(K17>0,(K17/100)+1,(100/((-1)*K17))+1)))*(IF(L17="",1,IF(L17>0,(L17/100)+1,(100/((-1)*L17))+1))))-1)),((((IF(C17="",1,IF(C17>0,(C17/100)+1,(100/((-1)*C17))+1)))*(IF(D17="",1,IF(D17>0,(D17/100)+1,(100/((-1)*D17))+1)))*(IF(E17="",1,IF(E17>0,(E17/100)+1,(100/((-1)*E17))+1)))*(IF(F17="",1,IF(F17>0,(F17/100)+1,(100/((-1)*F17))+1)))*(IF(G17="",1,IF(G17>0,(G17/100)+1,(100/((-1)*G17))+1)))*(IF(H17="",1,IF(H17>0,(H17/100)+1,(100/((-1)*H17))+1)))*(IF(I17="",1,IF(I17>0,(I17/100)+1,(100/((-1)*I17))+1)))*(IF(J17="",1,IF(J17>0,(J17/100)+1,(100/((-1)*J17))+1)))*(IF(K17="",1,IF(K17>0,(K17/100)+1,(100/((-1)*K17))+1)))*(IF(L17="",1,IF(L17>0,(L17/100)+1,(100/((-1)*L17))+1))))-1)*(100)))) -> 36763.036 | Q16: *Pick Made For Me*
A17: Odds | C17: -120 | D17: -130 | E17: -105 | F17: -120 | G17: -111 | H17: -105 | I17: -161 | J17: -159 | K17: -145 | L17: -109 | M17: 1 | N17: Return | O17: =IF(AND(C17="",AND(D17="",AND(E17="",AND(F17="",AND(G17="",AND(H17="",AND(I17="",AND(J17="",AND(K17="",L17=""))))))))),"",10+IF((IF(((IF(C17="",1,IF(C17>0,(C17/100)+1,(100/((-1)*C17))+1)))*(IF(D17="",1,IF(D17>0,(D17/100)+1,(100/((-1)*D17))+1)))*(IF(E17="",1,IF(E17>0,(E17/100)+1,(100/((-1)*E17))+1)))*(IF(F17="",1,IF(F17>0,(F17/100)+1,(100/((-1)*F17))+1)))*(IF(G17="",1,IF(G17>0,(G17/100)+1,(100/((-1)*G17))+1)))*(IF(H17="",1,IF(H17>0,(H17/100)+1,(100/((-1)*H17))+1)))*(IF(I17="",1,IF(I17>0,(I17/100)+1,(100/((-1)*I17))+1)))*(IF(J17="",1,IF(J17>0,(J17/100)+1,(100/((-1)*J17))+1)))*(IF(K17="",1,IF(K17>0,(K17/100)+1,(100/((-1)*K17))+1)))*(IF(L17="",1,IF(L17>0,(L17/100)+1,(100/((-1)*L17))+1))))<2,((-100)/(((IF(C17="",1,IF(C17>0,(C17/100)+1,(100/((-1)*C17))+1)))*(IF(D17="",1,IF(D17>0,(D17/100)+1,(100/((-1)*D17))+1)))*(IF(E17="",1,IF(E17>0,(E17/100)+1,(100/((-1)*E17))+1)))*(IF(F17="",1,IF(F17>0,(F17/100)+1,(100/((-1)*F17))+1)))*(IF(G17="",1,IF(G17>0,(G17/100)+1,(100/((-1)*G17))+1)))*(IF(H17="",1,IF(H17>0,(H17/100)+1,(100/((-1)*H17))+1)))*(IF(I17="",1,IF(I17>0,(I17/100)+1,(100/((-1)*I17))+1)))*(IF(J17="",1,IF(J17>0,(J17/100)+1,(100/((-1)*J17))+1)))*(IF(K17="",1,IF(K17>0,(K17/100)+1,(100/((-1)*K17))+1)))*(IF(L17="",1,IF(L17>0,(L17/100)+1,(100/((-1)*L17))+1))))-1)),((((IF(C17="",1,IF(C17>0,(C17/100)+1,(100/((-1)*C17))+1)))*(IF(D17="",1,IF(D17>0,(D17/100)+1,(100/((-1)*D17))+1)))*(IF(E17="",1,IF(E17>0,(E17/100)+1,(100/((-1)*E17))+1)))*(IF(F17="",1,IF(F17>0,(F17/100)+1,(100/((-1)*F17))+1)))*(IF(G17="",1,IF(G17>0,(G17/100)+1,(100/((-1)*G17))+1)))*(IF(H17="",1,IF(H17>0,(H17/100)+1,(100/((-1)*H17))+1)))*(IF(I17="",1,IF(I17>0,(I17/100)+1,(100/((-1)*I17))+1)))*(IF(J17="",1,IF(J17>0,(J17/100)+1,(100/((-1)*J17))+1)))*(IF(K17="",1,IF(K17>0,(K17/100)+1,(100/((-1)*K17))+1)))*(IF(L17="",1,IF(L17>0,(L17/100)+1,(100/((-1)*L17))+1))))-1)*(100))))<0,(((-100)/((IF(((IF(C17="",1,IF(C17>0,(C17/100)+1,(100/((-1)*C17))+1)))*(IF(D17="",1,IF(D17>0,(D17/100)+1,(100/((-1)*D17))+1)))*(IF(E17="",1,IF(E17>0,(E17/100)+1,(100/((-1)*E17))+1)))*(IF(F17="",1,IF(F17>0,(F17/100)+1,(100/((-1)*F17))+1)))*(IF(G17="",1,IF(G17>0,(G17/100)+1,(100/((-1)*G17))+1)))*(IF(H17="",1,IF(H17>0,(H17/100)+1,(100/((-1)*H17))+1)))*(IF(I17="",1,IF(I17>0,(I17/100)+1,(100/((-1)*I17))+1)))*(IF(J17="",1,IF(J17>0,(J17/100)+1,(100/((-1)*J17))+1)))*(IF(K17="",1,IF(K17>0,(K17/100)+1,(100/((-1)*K17))+1)))*(IF(L17="",1,IF(L17>0,(L17/100)+1,(100/((-1)*L17))+1))))<2,((-100)/(((IF(C17="",1,IF(C17>0,(C17/100)+1,(100/((-1)*C17))+1)))*(IF(D17="",1,IF(D17>0,(D17/100)+1,(100/((-1)*D17))+1)))*(IF(E17="",1,IF(E17>0,(E17/100)+1,(100/((-1)*E17))+1)))*(IF(F17="",1,IF(F17>0,(F17/100)+1,(100/((-1)*F17))+1)))*(IF(G17="",1,IF(G17>0,(G17/100)+1,(100/((-1)*G17))+1)))*(IF(H17="",1,IF(H17>0,(H17/100)+1,(100/((-1)*H17))+1)))*(IF(I17="",1,IF(I17>0,(I17/100)+1,(100/((-1)*I17))+1)))*(IF(J17="",1,IF(J17>0,(J17/100)+1,(100/((-1)*J17))+1)))*(IF(K17="",1,IF(K17>0,(K17/100)+1,(100/((-1)*K17))+1)))*(IF(L17="",1,IF(L17>0,(L17/100)+1,(100/((-1)*L17))+1))))-1)),((((IF(C17="",1,IF(C17>0,(C17/100)+1,(100/((-1)*C17))+1)))*(IF(D17="",1,IF(D17>0,(D17/100)+1,(100/((-1)*D17))+1)))*(IF(E17="",1,IF(E17>0,(E17/100)+1,(100/((-1)*E17))+1)))*(IF(F17="",1,IF(F17>0,(F17/100)+1,(100/((-1)*F17))+1)))*(IF(G17="",1,IF(G17>0,(G17/100)+1,(100/((-1)*G17))+1)))*(IF(H17="",1,IF(H17>0,(H17/100)+1,(100/((-1)*H17))+1)))*(IF(I17="",1,IF(I17>0,(I17/100)+1,(100/((-1)*I17))+1)))*(IF(J17="",1,IF(J17>0,(J17/100)+1,(100/((-1)*J17))+1)))*(IF(K17="",1,IF(K17>0,(K17/100)+1,(100/((-1)*K17))+1)))*(IF(L17="",1,IF(L17>0,(L17/100)+1,(100/((-1)*L17))+1))))-1)*(100))))))*10),(((IF(((IF(C17="",1,IF(C17>0,(C17/100)+1,(100/((-1)*C17))+1)))*(IF(D17="",1,IF(D17>0,(D17/100)+1,(100/((-1)*D17))+1)))*(IF(E17="",1,IF(E17>0,(E17/100)+1,(100/((-1)*E17))+1)))*(IF(F17="",1,IF(F17>0,(F17/100)+1,(100/((-1)*F17))+1)))*(IF(G17="",1,IF(G17>0,(G17/100)+1,(100/((-1)*G17))+1)))*(IF(H17="",1,IF(H17>0,(H17/100)+1,(100/((-1)*H17))+1)))*(IF(I17="",1,IF(I17>0,(I17/100)+1,(100/((-1)*I17))+1)))*(IF(J17="",1,IF(J17>0,(J17/100)+1,(100/((-1)*J17))+1)))*(IF(K17="",1,IF(K17>0,(K17/100)+1,(100/((-1)*K17))+1)))*(IF(L17="",1,IF(L17>0,(L17/100)+1,(100/((-1)*L17))+1))))<2,((-100)/(((IF(C17="",1,IF(C17>0,(C17/100)+1,(100/((-1)*C17))+1)))*(IF(D17="",1,IF(D17>0,(D17/100)+1,(100/((-1)*D17))+1)))*(IF(E17="",1,IF(E17>0,(E17/100)+1,(100/((-1)*E17))+1)))*(IF(F17="",1,IF(F17>0,(F17/100)+1,(100/((-1)*F17))+1)))*(IF(G17="",1,IF(G17>0,(G17/100)+1,(100/((-1)*G17))+1)))*(IF(H17="",1,IF(H17>0,(H17/100)+1,(100/((-1)*H17))+1)))*(IF(I17="",1,IF(I17>0,(I17/100)+1,(100/((-1)*I17))+1)))*(IF(J17="",1,IF(J17>0,(J17/100)+1,(100/((-1)*J17))+1)))*(IF(K17="",1,IF(K17>0,(K17/100)+1,(100/((-1)*K17))+1)))*(IF(L17="",1,IF(L17>0,(L17/100)+1,(100/((-1)*L17))+1))))-1)),((((IF(C17="",1,IF(C17>0,(C17/100)+1,(100/((-1)*C17))+1)))*(IF(D17="",1,IF(D17>0,(D17/100)+1,(100/((-1)*D17))+1)))*(IF(E17="",1,IF(E17>0,(E17/100)+1,(100/((-1)*E17))+1)))*(IF(F17="",1,IF(F17>0,(F17/100)+1,(100/((-1)*F17))+1)))*(IF(G17="",1,IF(G17>0,(G17/100)+1,(100/((-1)*G17))+1)))*(IF(H17="",1,IF(H17>0,(H17/100)+1,(100/((-1)*H17))+1)))*(IF(I17="",1,IF(I17>0,(I17/100)+1,(100/((-1)*I17))+1)))*(IF(J17="",1,IF(J17>0,(J17/100)+1,(100/((-1)*J17))+1)))*(IF(K17="",1,IF(K17>0,(K17/100)+1,(100/((-1)*K17))+1)))*(IF(L17="",1,IF(L17>0,(L17/100)+1,(100/((-1)*L17))+1))))-1)*(100))))/100)*10))) -> 3686.3036
A18: Matchup | C18: Jaguars @ Bengals | D18: Eagles @ Chiefs | E18: Bears @ Lions | F18: Giants @ Cowboys | G18: Patriots @ Dolphins | H18: Bills @ Jets | I18: 49ers @ Saints | J18: Chargers @ Raiders | K18: Seahawks @ Steelers | L18: Falcons @ Vikings
A19: Outcome | C19: 2 FGs Made | D19: 20-17 | E19: 21-52 | F19: 37-40 | G19: Long Rec. 10 Yards | H19: 30-10 | I19: 5 Receptions | J19: 20-9 | K19: 31-17 | L19: 22-6 | O19: This Week | P19: Cumulative
A20: W/L | C20: W | D20: W | E20: L | F20: L | G20: L | H20: L | I20: W | J20: W | K20: L | L20: L | N20: Best Handicapper | O20: =IFERROR(__xludf.DUMMYFUNCTION("IF(OR(COUNTA(C17:L17) = 0, COUNTA(C20:L20) = 0), """", IFERROR(TEXTJOIN("", "", TRUE, FILTER(C14:L14, (C20:L20 = ""W"") * (C17:L17 = MAX(FILTER(C17:L17, C20:L20 = ""W""))))), """"))"),"Austin") -> Austin | P20: =IFERROR(__xludf.DUMMYFUNCTION("IF(COUNTA(C25:L25) = 0, """", IFERROR(TEXTJOIN("", "", TRUE, FILTER(C14:L14, C25:L25 = MAX(C25:L25))), """"))"),"Austin") -> Austin
A21: Wins | C21: =IF(OR(C17="",C20=""),"",C8+COUNTIF(C20,"W")) -> 2 | D21: =IF(OR(D17="",D20=""),"",D8+COUNTIF(D20,"W")) -> 2 | E21: =IF(OR(E17="",E20=""),"",E8+COUNTIF(E20,"W")) -> 0 | F21: =IF(OR(F17="",F20=""),"",F8+COUNTIF(F20,"W")) -> 1 | G21: =IF(OR(G17="",G20=""),"",G8+COUNTIF(G20,"W")) -> 1 | H21: =IF(OR(H17="",H20=""),"",H8+COUNTIF(H20,"W")) -> 0 | I21: =IF(OR(I17="",I20=""),"",I8+COUNTIF(I20,"W")) -> 1 | J21: =IF(OR(J17="",J20=""),"",J8+COUNTIF(J20,"W")) -> 2 | ... L21: =IF(OR(L17="",L20=""),"",L8+COUNTIF(L20,"W")) -> 0 | N21: Worst Handicapper | O21: =IFERROR(__xludf.DUMMYFUNCTION("IF(OR(COUNTA(C17:L17) = 0, COUNTA(C20:L20) = 0), """", IFERROR(TEXTJOIN("", "", TRUE, FILTER(C14:L14, (C20:L20 = ""L"") * (C17:L17 = MIN(FILTER(C17:L17, C20:L20 = ""L""))))), """"))"),"Taylon") -> Taylon | P21: =IFERROR(__xludf.DUMMYFUNCTION("IF(COUNTA(C25:L25) = 0, """", IFERROR(TEXTJOIN("", "", TRUE, FILTER(C14:L14, C25:L25 = MIN(C25:L25))), """"))"),"Clayton, Jake, Trey") -> Clayton, Jake, Trey
A22: Losses | C22: =IF(OR(C17="",C20=""),"",C9+COUNTIF(C20,"L")) -> 0 | D22: =IF(OR(D17="",D20=""),"",D9+COUNTIF(D20,"L")) -> 0 | E22: =IF(OR(E17="",E20=""),"",E9+COUNTIF(E20,"L")) -> 2 | F22: =IF(OR(F17="",F20=""),"",F9+COUNTIF(F20,"L")) -> 1 | G22: =IF(OR(G17="",G20=""),"",G9+COUNTIF(G20,"L")) -> 1 | H22: =IF(OR(H17="",H20=""),"",H9+COUNTIF(H20,"L")) -> 2 | I22: =IF(OR(I17="",I20=""),"",I9+COUNTIF(I20,"L")) -> 1 | J22: =IF(OR(J17="",J20=""),"",J9+COUNTIF(J20,"L")) -> 0 | ... L22: =IF(OR(L17="",L20=""),"",L9+COUNTIF(L20,"L")) -> 2 | N22: Ballsiest Bettor | O22: =IFERROR(__xludf.DUMMYFUNCTION("IF(COUNTA(C17:L17) = 0, """", IFERROR(TEXTJOIN("", "", TRUE, FILTER(C14:L14, C17:L17 = MAX(C17:L17))), """"))"),"Clayton, Jake") -> Clayton, Jake | P22: =IFERROR(__xludf.DUMMYFUNCTION("IF(COUNTA(C17:L17) = 0, """", IFERROR(TEXTJOIN("", "", TRUE, FILTER(C14:L14, C24:L24 = MAX(C24:L24))), """"))"),"Jake") -> Jake
A23: Win % | C23: =IF(OR(C17="",C20=""),"",(C21/(C21+C22))) -> 1 | D23: =IF(OR(D17="",D20=""),"",(D21/(D21+D22))) -> 1 | E23: =IF(OR(E17="",E20=""),"",(E21/(E21+E22))) -> 0 | F23: =IF(OR(F17="",F20=""),"",(F21/(F21+F22))) -> 0.5 | G23: =IF(OR(G17="",G20=""),"",(G21/(G21+G22))) -> 0.5 | H23: =IF(OR(H17="",H20=""),"",(H21/(H21+H22))) -> 0 | I23: =IF(OR(I17="",I20=""),"",(I21/(I21+I22))) -> 0.5 | J23: =IF(OR(J17="",J20=""),"",(J21/(J21+J22))) -> 1 | ... L23: =IF(OR(L17="",L20=""),"",(L21/(L21+L22))) -> 0 | N23: Parlay Pussy | O23: =IFERROR(__xludf.DUMMYFUNCTION("IF(COUNTA(C17:L17) = 0, """", IFERROR(TEXTJOIN("", "", TRUE, FILTER(C14:L14, C17:L17 = MIN(C17:L17))), """"))"),"Nick") -> Nick | P23: =IFERROR(__xludf.DUMMYFUNCTION("IF(COUNTA(C17:L17) = 0, """", IFERROR(TEXTJOIN("", "", TRUE, FILTER(C14:L14, C24:L24 = MIN(C24:L24))), """"))"),"Tanner") -> Tanner
A24: Average Odds | C24: =IF(C17="","",IF(((IF(C17 <0,((-100/C17)+1),((C17/100)+1))+(IF(C11<0,((-100/C11)+1),((C11/100)+1)))*(C8+C9))/(C8+C9+1))<2,(-100/(((IF(C17 <0,((-100/C17)+1),((C17/100)+1))+(IF(C11<0,((-100/C11)+1),((C11/100)+1)))*(C8+C9))/(C8+C9+1))-1)),(((IF(C17 <0,((-100/C17)+1),((C17/100)+1))+(IF(C11<0,((-100/C11)+1),((C11/100)+1)))*(C8+C9))/(C8+C9+1))-1)*100)) -> -136.77419 | D24: =IF(D17="","",IF(((IF(D17 <0,((-100/D17)+1),((D17/100)+1))+(IF(D11<0,((-100/D11)+1),((D11/100)+1)))*(D8+D9))/(D8+D9+1))<2,(-100/(((IF(D17 <0,((-100/D17)+1),((D17/100)+1))+(IF(D11<0,((-100/D11)+1),((D11/100)+1)))*(D8+D9))/(D8+D9+1))-1)),(((IF(D17 <0,((-100/D17)+1),((D17/100)+1))+(IF(D11<0,((-100/D11)+1),((D11/100)+1)))*(D8+D9))/(D8+D9+1))-1)*100)) -> -146.19529 | E24: =IF(E17="","",IF(((IF(E17 <0,((-100/E17)+1),((E17/100)+1))+(IF(E11<0,((-100/E11)+1),((E11/100)+1)))*(E8+E9))/(E8+E9+1))<2,(-100/(((IF(E17 <0,((-100/E17)+1),((E17/100)+1))+(IF(E11<0,((-100/E11)+1),((E11/100)+1)))*(E8+E9))/(E8+E9+1))-1)),(((IF(E17 <0,((-100/E17)+1),((E17/100)+1))+(IF(E11<0,((-100/E11)+1),((E11/100)+1)))*(E8+E9))/(E8+E9+1))-1)*100)) -> -106.96262 | F24: =IF(F17="","",IF(((IF(F17 <0,((-100/F17)+1),((F17/100)+1))+(IF(F11<0,((-100/F11)+1),((F11/100)+1)))*(F8+F9))/(F8+F9+1))<2,(-100/(((IF(F17 <0,((-100/F17)+1),((F17/100)+1))+(IF(F11<0,((-100/F11)+1),((F11/100)+1)))*(F8+F9))/(F8+F9+1))-1)),(((IF(F17 <0,((-100/F17)+1),((F17/100)+1))+(IF(F11<0,((-100/F11)+1),((F11/100)+1)))*(F8+F9))/(F8+F9+1))-1)*100)) -> -117.44681 | G24: =IF(G17="","",IF(((IF(G17 <0,((-100/G17)+1),((G17/100)+1))+(IF(G11<0,((-100/G11)+1),((G11/100)+1)))*(G8+G9))/(G8+G9+1))<2,(-100/(((IF(G17 <0,((-100/G17)+1),((G17/100)+1))+(IF(G11<0,((-100/G11)+1),((G11/100)+1)))*(G8+G9))/(G8+G9+1))-1)),(((IF(G17 <0,((-100/G17)+1),((G17/100)+1))+(IF(G11<0,((-100/G11)+1),((G11/100)+1)))*(G8+G9))/(G8+G9+1))-1)*100)) -> 104.04505 | H24: =IF(H17="","",IF(((IF(H17 <0,((-100/H17)+1),((H17/100)+1))+(IF(H11<0,((-100/H11)+1),((H11/100)+1)))*(H8+H9))/(H8+H9+1))<2,(-100/(((IF(H17 <0,((-100/H17)+1),((H17/100)+1))+(IF(H11<0,((-100/H11)+1),((H11/100)+1)))*(H8+H9))/(H8+H9+1))-1)),(((IF(H17 <0,((-100/H17)+1),((H17/100)+1))+(IF(H11<0,((-100/H11)+1),((H11/100)+1)))*(H8+H9))/(H8+H9+1))-1)*100)) -> 105.11905 | I24: =IF(I17="","",IF(((IF(I17 <0,((-100/I17)+1),((I17/100)+1))+(IF(I11<0,((-100/I11)+1),((I11/100)+1)))*(I8+I9))/(I8+I9+1))<2,(-100/(((IF(I17 <0,((-100/I17)+1),((I17/100)+1))+(IF(I11<0,((-100/I11)+1),((I11/100)+1)))*(I8+I9))/(I8+I9+1))-1)),(((IF(I17 <0,((-100/I17)+1),((I17/100)+1))+(IF(I11<0,((-100/I11)+1),((I11/100)+1)))*(I8+I9))/(I8+I9+1))-1)*100)) -> -136.18638 | J24: =IF(J17="","",IF(((IF(J17 <0,((-100/J17)+1),((J17/100)+1))+(IF(J11<0,((-100/J11)+1),((J11/100)+1)))*(J8+J9))/(J8+J9+1))<2,(-100/(((IF(J17 <0,((-100/J17)+1),((J17/100)+1))+(IF(J11<0,((-100/J11)+1),((J11/100)+1)))*(J8+J9))/(J8+J9+1))-1)),(((IF(J17 <0,((-100/J17)+1),((J17/100)+1))+(IF(J11<0,((-100/J11)+1),((J11/100)+1)))*(J8+J9))/(J8+J9+1))-1)*100)) -> -162.90184 | ... L24: =IF(L17="","",IF(((IF(L17 <0,((-100/L17)+1),((L17/100)+1))+(IF(L11<0,((-100/L11)+1),((L11/100)+1)))*(L8+L9))/(L8+L9+1))<2,(-100/(((IF(L17 <0,((-100/L17)+1),((L17/100)+1))+(IF(L11<0,((-100/L11)+1),((L11/100)+1)))*(L8+L9))/(L8+L9+1))-1)),(((IF(L17 <0,((-100/L17)+1),((L17/100)+1))+(IF(L11<0,((-100/L11)+1),((L11/100)+1)))*(L8+L9))/(L8+L9+1))-1)*100)) -> -120.61475
A25: "If I bet $10 every week" | C25: =IFERROR(__xludf.DUMMYFUNCTION("IF(OR(C16="""",C20=""""),"""",IF(REGEXMATCH(C20,""W""),IF(C17<0,((-100/C17))*10+C12,((C17/100)*10+C12)),-10+C12))"),14.622641509433961) -> 14.622642 | D25: =IFERROR(__xludf.DUMMYFUNCTION("IF(OR(D16="""",D20=""""),"""",IF(REGEXMATCH(D20,""W""),IF(D17<0,((-100/D17))*10+D12,((D17/100)*10+D12)),-10+D12))"),13.6803316444035) -> 13.680332 | E25: =IFERROR(__xludf.DUMMYFUNCTION("IF(OR(E16="""",E20=""""),"""",IF(REGEXMATCH(E20,""W""),IF(E17<0,((-100/E17))*10+E12,((E17/100)*10+E12)),-10+E12))"),-20.0) -> -20 | F25: =IFERROR(__xludf.DUMMYFUNCTION("IF(OR(F16="""",F20=""""),"""",IF(REGEXMATCH(F20,""W""),IF(F17<0,((-100/F17))*10+F12,((F17/100)*10+F12)),-10+F12))"),-1.304347826086957) -> -1.3043478 | G25: =IFERROR(__xludf.DUMMYFUNCTION("IF(OR(G16="""",G20=""""),"""",IF(REGEXMATCH(G20,""W""),IF(G17<0,((-100/G17))*10+G12,((G17/100)*10+G12)),-10+G12))"),1.799999999999999) -> 1.8 | H25: =IFERROR(__xludf.DUMMYFUNCTION("IF(OR(H16="""",H20=""""),"""",IF(REGEXMATCH(H20,""W""),IF(H17<0,((-100/H17))*10+H12,((H17/100)*10+H12)),-10+H12))"),-20.0) -> -20 | I25: =IFERROR(__xludf.DUMMYFUNCTION("IF(OR(I16="""",I20=""""),"""",IF(REGEXMATCH(I20,""W""),IF(I17<0,((-100/I17))*10+I12,((I17/100)*10+I12)),-10+I12))"),-3.7888198757763982) -> -3.7888199 | J25: =IFERROR(__xludf.DUMMYFUNCTION("IF(OR(J16="""",J20=""""),"""",IF(REGEXMATCH(J20,""W""),IF(J17<0,((-100/J17))*10+J12,((J17/100)*10+J12)),-10+J12))"),12.277332128196436) -> 12.277332 | K25: =IFERROR(__xludf.DUMMYFUNCTION("IF(OR(K16="""",K20=""""),"""",IF(REGEXMATCH(K20,""W""),IF(K17<0,((-100/K17))*10+K12,((K17/100)*10+K12)),-10+K12))"),-1.304347826086957) -> -1.3043478 | L25: =IFERROR(__xludf.DUMMYFUNCTION("IF(OR(L16="""",L20=""""),"""",IF(REGEXMATCH(L20,""W""),IF(L17<0,((-100/L17))*10+L12,((L17/100)*10+L12)),-10+L12))"),-20.0) -> -20 | N25: "If I placed all 10 bets @ $10 each week" | O25: =IFERROR(__xludf.DUMMYFUNCTION("IF(AND(C25="""",AND(D25="""",AND(E25="""",AND(F25="""",AND(G25="""",AND(H25="""",AND(I25="""",AND(J25="""",AND(K25="""",L25=""""))))))))),"""",(IF(C20="""",0,IF(REGEXMATCH(C20,""W""),IF(C17<0,((-100/C17))*10,((C17/100)*10)),-10))+IF(D20="""",0,IF(REGEXMAT"&"CH(D20,""W""),IF(D17<0,((-100/D17))*10,((D17/100)*10)),-10))+IF(E20="""",0,IF(REGEXMATCH(E20,""W""),IF(E17<0,((-100/E17))*10,((E17/100)*10)),-10))+IF(F20="""",0,IF(REGEXMATCH(F20,""W""),IF(F17<0,((-100/F17))*10,((F17/100)*10)),-10))+IF(G20="""",0,IF(REGEX"&"MATCH(G20,""W""),IF(G17<0,((-100/G17))*10,((G17/100)*10)),-10))+IF(H20="""",0,IF(REGEXMATCH(H20,""W""),IF(H17<0,((-100/H17))*10,((H17/100)*10)),-10))+IF(I20="""",0,IF(REGEXMATCH(I20,""W""),IF(I17<0,((-100/I17))*10,((I17/100)*10)),-10))+IF(J20="""",0,IF(RE"&"GEXMATCH(J20,""W""),IF(J17<0,((-100/J17))*10,((J17/100)*10)),-10))+IF(K20="""",0,IF(REGEXMATCH(K20,""W""),IF(K17<0,((-100/K17))*10,((K17/100)*10)),-10))+IF(L20="""",0,IF(REGEXMATCH(L20,""W""),IF(L17<0,((-100/L17))*10,((L17/100)*10)),-10))))"),-31.473870674034742) -> -31.473871 | P25: =IFERROR(__xludf.DUMMYFUNCTION("IF(AND(C25="""",AND(D25="""",AND(E25="""",AND(F25="""",AND(G25="""",AND(H25="""",AND(I25="""",AND(J25="""",AND(K25="""",L25=""""))))))))),"""",(P12+IF(C20="""",0,IF(REGEXMATCH(C20,""W""),IF(C17<0,((-100/C17))*10,((C17/100)*10)),-10))+IF(D20="""",0,IF(REGE"&"XMATCH(D20,""W""),IF(D17<0,((-100/D17))*10,((D17/100)*10)),-10))+IF(E20="""",0,IF(REGEXMATCH(E20,""W""),IF(E17<0,((-100/E17))*10,((E17/100)*10)),-10))+IF(F20="""",0,IF(REGEXMATCH(F20,""W""),IF(F17<0,((-100/F17))*10,((F17/100)*10)),-10))+IF(G20="""",0,IF(R"&"EGEXMATCH(G20,""W""),IF(G17<0,((-100/G17))*10,((G17/100)*10)),-10))+IF(H20="""",0,IF(REGEXMATCH(H20,""W""),IF(H17<0,((-100/H17))*10,((H17/100)*10)),-10))+IF(I20="""",0,IF(REGEXMATCH(I20,""W""),IF(I17<0,((-100/I17))*10,((I17/100)*10)),-10))+IF(J20="""",0,I"&"F(REGEXMATCH(J20,""W""),IF(J17<0,((-100/J17))*10,((J17/100)*10)),-10))+IF(K20="""",0,IF(REGEXMATCH(K20,""W""),IF(K17<0,((-100/K17))*10,((K17/100)*10)),-10))+IF(L20="""",0,IF(REGEXMATCH(L20,""W""),IF(L17<0,((-100/L17))*10,((L17/100)*10)),-10))))"),-24.017210245916413) -> -24.01721
A27: Week 3 | C27: Austin | D27: Carson | E27: Clayton | F27: Dan | G27: Hunter | H27: Jake | I27: Nick | J27: Tanner | K27: Taylon | L27: Trey | O27: Parlay
A29: Pick | C29: S. Shrader Over 1.5 FGs | D29: Vikings Moneyline | E29: P. Mahomes Over 1.5 Pass TDs | F29: Cowboys -1.5 | G29: Texans Moneyline | H29: Ravens -4.5 | I29: Steelers Over 22.5 Points | J29: Commanders Under 22.5 Points | K29: Chargers Moneyline | L29: J. Jacobs ATD | N29: Odds | O29: =IF(AND(C30="",AND(D30="",AND(E30="",AND(F30="",AND(G30="",AND(H30="",AND(I30="",AND(J30="",AND(K30="",L30=""))))))))),"",IF(((IF(C30="",1,IF(C30>0,(C30/100)+1,(100/((-1)*C30))+1)))*(IF(D30="",1,IF(D30>0,(D30/100)+1,(100/((-1)*D30))+1)))*(IF(E30="",1,IF(E30>0,(E30/100)+1,(100/((-1)*E30))+1)))*(IF(F30="",1,IF(F30>0,(F30/100)+1,(100/((-1)*F30))+1)))*(IF(G30="",1,IF(G30>0,(G30/100)+1,(100/((-1)*G30))+1)))*(IF(H30="",1,IF(H30>0,(H30/100)+1,(100/((-1)*H30))+1)))*(IF(I30="",1,IF(I30>0,(I30/100)+1,(100/((-1)*I30))+1)))*(IF(J30="",1,IF(J30>0,(J30/100)+1,(100/((-1)*J30))+1)))*(IF(K30="",1,IF(K30>0,(K30/100)+1,(100/((-1)*K30))+1)))*(IF(L30="",1,IF(L30>0,(L30/100)+1,(100/((-1)*L30))+1))))<2,((-100)/(((IF(C30="",1,IF(C30>0,(C30/100)+1,(100/((-1)*C30))+1)))*(IF(D30="",1,IF(D30>0,(D30/100)+1,(100/((-1)*D30))+1)))*(IF(E30="",1,IF(E30>0,(E30/100)+1,(100/((-1)*E30))+1)))*(IF(F30="",1,IF(F30>0,(F30/100)+1,(100/((-1)*F30))+1)))*(IF(G30="",1,IF(G30>0,(G30/100)+1,(100/((-1)*G30))+1)))*(IF(H30="",1,IF(H30>0,(H30/100)+1,(100/((-1)*H30))+1)))*(IF(I30="",1,IF(I30>0,(I30/100)+1,(100/((-1)*I30))+1)))*(IF(J30="",1,IF(J30>0,(J30/100)+1,(100/((-1)*J30))+1)))*(IF(K30="",1,IF(K30>0,(K30/100)+1,(100/((-1)*K30))+1)))*(IF(L30="",1,IF(L30>0,(L30/100)+1,(100/((-1)*L30))+1))))-1)),((((IF(C30="",1,IF(C30>0,(C30/100)+1,(100/((-1)*C30))+1)))*(IF(D30="",1,IF(D30>0,(D30/100)+1,(100/((-1)*D30))+1)))*(IF(E30="",1,IF(E30>0,(E30/100)+1,(100/((-1)*E30))+1)))*(IF(F30="",1,IF(F30>0,(F30/100)+1,(100/((-1)*F30))+1)))*(IF(G30="",1,IF(G30>0,(G30/100)+1,(100/((-1)*G30))+1)))*(IF(H30="",1,IF(H30>0,(H30/100)+1,(100/((-1)*H30))+1)))*(IF(I30="",1,IF(I30>0,(I30/100)+1,(100/((-1)*I30))+1)))*(IF(J30="",1,IF(J30>0,(J30/100)+1,(100/((-1)*J30))+1)))*(IF(K30="",1,IF(K30>0,(K30/100)+1,(100/((-1)*K30))+1)))*(IF(L30="",1,IF(L30>0,(L30/100)+1,(100/((-1)*L30))+1))))-1)*(100)))) -> 31517.62 | Q29: *Pick Made For Me*
A30: Odds | C30: -135 | D30: -167 | E30: -152 | F30: -112 | G30: 110 | H30: -120 | I30: -130 | J30: -105 | K30: -159 | L30: -149 | M30: 2 | N30: Return | O30: =IF(AND(C30="",AND(D30="",AND(E30="",AND(F30="",AND(G30="",AND(H30="",AND(I30="",AND(J30="",AND(K30="",L30=""))))))))),"",10+IF((IF(((IF(C30="",1,IF(C30>0,(C30/100)+1,(100/((-1)*C30))+1)))*(IF(D30="",1,IF(D30>0,(D30/100)+1,(100/((-1)*D30))+1)))*(IF(E30="",1,IF(E30>0,(E30/100)+1,(100/((-1)*E30))+1)))*(IF(F30="",1,IF(F30>0,(F30/100)+1,(100/((-1)*F30))+1)))*(IF(G30="",1,IF(G30>0,(G30/100)+1,(100/((-1)*G30))+1)))*(IF(H30="",1,IF(H30>0,(H30/100)+1,(100/((-1)*H30))+1)))*(IF(I30="",1,IF(I30>0,(I30/100)+1,(100/((-1)*I30))+1)))*(IF(J30="",1,IF(J30>0,(J30/100)+1,(100/((-1)*J30))+1)))*(IF(K30="",1,IF(K30>0,(K30/100)+1,(100/((-1)*K30))+1)))*(IF(L30="",1,IF(L30>0,(L30/100)+1,(100/((-1)*L30))+1))))<2,((-100)/(((IF(C30="",1,IF(C30>0,(C30/100)+1,(100/((-1)*C30))+1)))*(IF(D30="",1,IF(D30>0,(D30/100)+1,(100/((-1)*D30))+1)))*(IF(E30="",1,IF(E30>0,(E30/100)+1,(100/((-1)*E30))+1)))*(IF(F30="",1,IF(F30>0,(F30/100)+1,(100/((-1)*F30))+1)))*(IF(G30="",1,IF(G30>0,(G30/100)+1,(100/((-1)*G30))+1)))*(IF(H30="",1,IF(H30>0,(H30/100)+1,(100/((-1)*H30))+1)))*(IF(I30="",1,IF(I30>0,(I30/100)+1,(100/((-1)*I30))+1)))*(IF(J30="",1,IF(J30>0,(J30/100)+1,(100/((-1)*J30))+1)))*(IF(K30="",1,IF(K30>0,(K30/100)+1,(100/((-1)*K30))+1)))*(IF(L30="",1,IF(L30>0,(L30/100)+1,(100/((-1)*L30))+1))))-1)),((((IF(C30="",1,IF(C30>0,(C30/100)+1,(100/((-1)*C30))+1)))*(IF(D30="",1,IF(D30>0,(D30/100)+1,(100/((-1)*D30))+1)))*(IF(E30="",1,IF(E30>0,(E30/100)+1,(100/((-1)*E30))+1)))*(IF(F30="",1,IF(F30>0,(F30/100)+1,(100/((-1)*F30))+1)))*(IF(G30="",1,IF(G30>0,(G30/100)+1,(100/((-1)*G30))+1)))*(IF(H30="",1,IF(H30>0,(H30/100)+1,(100/((-1)*H30))+1)))*(IF(I30="",1,IF(I30>0,(I30/100)+1,(100/((-1)*I30))+1)))*(IF(J30="",1,IF(J30>0,(J30/100)+1,(100/((-1)*J30))+1)))*(IF(K30="",1,IF(K30>0,(K30/100)+1,(100/((-1)*K30))+1)))*(IF(L30="",1,IF(L30>0,(L30/100)+1,(100/((-1)*L30))+1))))-1)*(100))))<0,(((-100)/((IF(((IF(C30="",1,IF(C30>0,(C30/100)+1,(100/((-1)*C30))+1)))*(IF(D30="",1,IF(D30>0,(D30/100)+1,(100/((-1)*D30))+1)))*(IF(E30="",1,IF(E30>0,(E30/100)+1,(100/((-1)*E30))+1)))*(IF(F30="",1,IF(F30>0,(F30/100)+1,(100/((-1)*F30))+1)))*(IF(G30="",1,IF(G30>0,(G30/100)+1,(100/((-1)*G30))+1)))*(IF(H30="",1,IF(H30>0,(H30/100)+1,(100/((-1)*H30))+1)))*(IF(I30="",1,IF(I30>0,(I30/100)+1,(100/((-1)*I30))+1)))*(IF(J30="",1,IF(J30>0,(J30/100)+1,(100/((-1)*J30))+1)))*(IF(K30="",1,IF(K30>0,(K30/100)+1,(100/((-1)*K30))+1)))*(IF(L30="",1,IF(L30>0,(L30/100)+1,(100/((-1)*L30))+1))))<2,((-100)/(((IF(C30="",1,IF(C30>0,(C30/100)+1,(100/((-1)*C30))+1)))*(IF(D30="",1,IF(D30>0,(D30/100)+1,(100/((-1)*D30))+1)))*(IF(E30="",1,IF(E30>0,(E30/100)+1,(100/((-1)*E30))+1)))*(IF(F30="",1,IF(F30>0,(F30/100)+1,(100/((-1)*F30))+1)))*(IF(G30="",1,IF(G30>0,(G30/100)+1,(100/((-1)*G30))+1)))*(IF(H30="",1,IF(H30>0,(H30/100)+1,(100/((-1)*H30))+1)))*(IF(I30="",1,IF(I30>0,(I30/100)+1,(100/((-1)*I30))+1)))*(IF(J30="",1,IF(J30>0,(J30/100)+1,(100/((-1)*J30))+1)))*(IF(K30="",1,IF(K30>0,(K30/100)+1,(100/((-1)*K30))+1)))*(IF(L30="",1,IF(L30>0,(L30/100)+1,(100/((-1)*L30))+1))))-1)),((((IF(C30="",1,IF(C30>0,(C30/100)+1,(100/((-1)*C30))+1)))*(IF(D30="",1,IF(D30>0,(D30/100)+1,(100/((-1)*D30))+1)))*(IF(E30="",1,IF(E30>0,(E30/100)+1,(100/((-1)*E30))+1)))*(IF(F30="",1,IF(F30>0,(F30/100)+1,(100/((-1)*F30))+1)))*(IF(G30="",1,IF(G30>0,(G30/100)+1,(100/((-1)*G30))+1)))*(IF(H30="",1,IF(H30>0,(H30/100)+1,(100/((-1)*H30))+1)))*(IF(I30="",1,IF(I30>0,(I30/100)+1,(100/((-1)*I30))+1)))*(IF(J30="",1,IF(J30>0,(J30/100)+1,(100/((-1)*J30))+1)))*(IF(K30="",1,IF(K30>0,(K30/100)+1,(100/((-1)*K30))+1)))*(IF(L30="",1,IF(L30>0,(L30/100)+1,(100/((-1)*L30))+1))))-1)*(100))))))*10),(((IF(((IF(C30="",1,IF(C30>0,(C30/100)+1,(100/((-1)*C30))+1)))*(IF(D30="",1,IF(D30>0,(D30/100)+1,(100/((-1)*D30))+1)))*(IF(E30="",1,IF(E30>0,(E30/100)+1,(100/((-1)*E30))+1)))*(IF(F30="",1,IF(F30>0,(F30/100)+1,(100/((-1)*F30))+1)))*(IF(G30="",1,IF(G30>0,(G30/100)+1,(100/((-1)*G30))+1)))*(IF(H30="",1,IF(H30>0,(H30/100)+1,(100/((-1)*H30))+1)))*(IF(I30="",1,IF(I30>0,(I30/100)+1,(100/((-1)*I30))+1)))*(IF(J30="",1,IF(J30>0,(J30/100)+1,(100/((-1)*J30))+1)))*(IF(K30="",1,IF(K30>0,(K30/100)+1,(100/((-1)*K30))+1)))*(IF(L30="",1,IF(L30>0,(L30/100)+1,(100/((-1)*L30))+1))))<2,((-100)/(((IF(C30="",1,IF(C30>0,(C30/100)+1,(100/((-1)*C30))+1)))*(IF(D30="",1,IF(D30>0,(D30/100)+1,(100/((-1)*D30))+1)))*(IF(E30="",1,IF(E30>0,(E30/100)+1,(100/((-1)*E30))+1)))*(IF(F30="",1,IF(F30>0,(F30/100)+1,(100/((-1)*F30))+1)))*(IF(G30="",1,IF(G30>0,(G30/100)+1,(100/((-1)*G30))+1)))*(IF(H30="",1,IF(H30>0,(H30/100)+1,(100/((-1)*H30))+1)))*(IF(I30="",1,IF(I30>0,(I30/100)+1,(100/((-1)*I30))+1)))*(IF(J30="",1,IF(J30>0,(J30/100)+1,(100/((-1)*J30))+1)))*(IF(K30="",1,IF(K30>0,(K30/100)+1,(100/((-1)*K30))+1)))*(IF(L30="",1,IF(L30>0,(L30/100)+1,(100/((-1)*L30))+1))))-1)),((((IF(C30="",1,IF(C30>0,(C30/100)+1,(100/((-1)*C30))+1)))*(IF(D30="",1,IF(D30>0,(D30/100)+1,(100/((-1)*D30))+1)))*(IF(E30="",1,IF(E30>0,(E30/100)+1,(100/((-1)*E30))+1)))*(IF(F30="",1,IF(F30>0,(F30/100)+1,(100/((-1)*F30))+1)))*(IF(G30="",1,IF(G30>0,(G30/100)+1,(100/((-1)*G30))+1)))*(IF(H30="",1,IF(H30>0,(H30/100)+1,(100/((-1)*H30))+1)))*(IF(I30="",1,IF(I30>0,(I30/100)+1,(100/((-1)*I30))+1)))*(IF(J30="",1,IF(J30>0,(J30/100)+1,(100/((-1)*J30))+1)))*(IF(K30="",1,IF(K30>0,(K30/100)+1,(100/((-1)*K30))+1)))*(IF(L30="",1,IF(L30>0,(L30/100)+1,(100/((-1)*L30))+1))))-1)*(100))))/100)*10))) -> 3161.762
A31: Matchup | C31: Colts @ Titans | D31: Bengals @ Vikings | E31: Chiefs @ Giants | F31: Cowboys @ Bears | G31: Texans @ Jaguars | H31: Lions @ Ravens | I31: Steelers @ Patriots | J31: Raiders @ Commanders | K31: Broncos @ Chargers | L31: Packers @ Browns
A32: Outcome | C32: 2 FGs Made | D32: 10-48 | E32: 1 Pass TD | F32: 14-31 | G32: 45947 | H32: 38-30 | I32: 21-14 | J32: 24-41 | K32: 20-23 | L32: 0 TD & Packers Lose | O32: This Week | P32: Cumulative
A33: W/L | C33: W | D33: W | E33: L | F33: L | G33: L | H33: L | I33: L | J33: L | K33: W | L33: L | N33: Best Handicapper | O33: =IFERROR(__xludf.DUMMYFUNCTION("IF(OR(COUNTA(C30:L30) = 0, COUNTA(C33:L33) = 0), """", IFERROR(TEXTJOIN("", "", TRUE, FILTER(C27:L27, (C33:L33 = ""W"") * (C30:L30 = MAX(FILTER(C30:L30, C33:L33 = ""W""))))), """"))"),"Austin") -> Austin | P33: =IFERROR(__xludf.DUMMYFUNCTION("IF(COUNTA(C38:L38) = 0, """", IFERROR(TEXTJOIN("", "", TRUE, FILTER(C27:L27, C38:L38 = MAX(C38:L38))), """"))"),"Austin") -> Austin
A34: Wins | C34: =IF(OR(C30="",C33=""),"",C21+COUNTIF(C33,"W")) -> 3 | D34: =IF(OR(D30="",D33=""),"",D21+COUNTIF(D33,"W")) -> 3 | E34: =IF(OR(E30="",E33=""),"",E21+COUNTIF(E33,"W")) -> 0 | F34: =IF(OR(F30="",F33=""),"",F21+COUNTIF(F33,"W")) -> 1 | G34: =IF(OR(G30="",G33=""),"",G21+COUNTIF(G33,"W")) -> 1 | H34: =IF(OR(H30="",H33=""),"",H21+COUNTIF(H33,"W")) -> 0 | I34: =IF(OR(I30="",I33=""),"",I21+COUNTIF(I33,"W")) -> 1 | J34: =IF(OR(J30="",J33=""),"",J21+COUNTIF(J33,"W")) -> 2 | ... L34: =IF(OR(L30="",L33=""),"",L21+COUNTIF(L33,"W")) -> 0 | N34: Worst Handicapper | O34: =IFERROR(__xludf.DUMMYFUNCTION("IF(OR(COUNTA(C30:L30) = 0, COUNTA(C33:L33) = 0), """", IFERROR(TEXTJOIN("", "", TRUE, FILTER(C27:L27, (C33:L33 = ""L"") * (C30:L30 = MIN(FILTER(C30:L30, C33:L33 = ""L""))))), """"))"),"Clayton") -> Clayton | P34: =IFERROR(__xludf.DUMMYFUNCTION("IF(COUNTA(C38:L38) = 0, """", IFERROR(TEXTJOIN("", "", TRUE, FILTER(C27:L27, C38:L38 = MIN(C38:L38))), """"))"),"Clayton, Jake, Trey") -> Clayton, Jake, Trey
A35: Losses | C35: =IF(OR(C30="",C33=""),"",C22+COUNTIF(C33,"L")) -> 0 | D35: =IF(OR(D30="",D33=""),"",D22+COUNTIF(D33,"L")) -> 0 | E35: =IF(OR(E30="",E33=""),"",E22+COUNTIF(E33,"L")) -> 3 | F35: =IF(OR(F30="",F33=""),"",F22+COUNTIF(F33,"L")) -> 2 | G35: =IF(OR(G30="",G33=""),"",G22+COUNTIF(G33,"L")) -> 2 | H35: =IF(OR(H30="",H33=""),"",H22+COUNTIF(H33,"L")) -> 3 | I35: =IF(OR(I30="",I33=""),"",I22+COUNTIF(I33,"L")) -> 2 | J35: =IF(OR(J30="",J33=""),"",J22+COUNTIF(J33,"L")) -> 1 | ... L35: =IF(OR(L30="",L33=""),"",L22+COUNTIF(L33,"L")) -> 3 | N35: Ballsiest Bettor | O35: =IFERROR(__xludf.DUMMYFUNCTION("IF(COUNTA(C30:L30) = 0, """", IFERROR(TEXTJOIN("", "", TRUE, FILTER(C27:L27, C30:L30 = MAX(C30:L30))), """"))"),"Hunter") -> Hunter | P35: =IFERROR(__xludf.DUMMYFUNCTION("IF(COUNTA(C30:L30) = 0, """", IFERROR(TEXTJOIN("", "", TRUE, FILTER(C27:L27, C37:L37 = MAX(C37:L37))), """"))"),"Hunter") -> Hunter
A36: Win % | C36: =IF(OR(C30="",C33=""),"",(C34/(C34+C35))) -> 1 | D36: =IF(OR(D30="",D33=""),"",(D34/(D34+D35))) -> 1 | E36: =IF(OR(E30="",E33=""),"",(E34/(E34+E35))) -> 0 | F36: =IF(OR(F30="",F33=""),"",(F34/(F34+F35))) -> 0.33333333 | G36: =IF(OR(G30="",G33=""),"",(G34/(G34+G35))) -> 0.33333333 | H36: =IF(OR(H30="",H33=""),"",(H34/(H34+H35))) -> 0 | I36: =IF(OR(I30="",I33=""),"",(I34/(I34+I35))) -> 0.33333333 | J36: =IF(OR(J30="",J33=""),"",(J34/(J34+J35))) -> 0.66666667 | ... L36: =IF(OR(L30="",L33=""),"",(L34/(L34+L35))) -> 0 | N36: Parlay Pussy | O36: =IFERROR(__xludf.DUMMYFUNCTION("IF(COUNTA(C30:L30) = 0, """", IFERROR(TEXTJOIN("", "", TRUE, FILTER(C27:L27, C30:L30 = MIN(C30:L30))), """"))"),"Carson") -> Carson | P36: =IFERROR(__xludf.DUMMYFUNCTION("IF(COUNTA(C30:L30) = 0, """", IFERROR(TEXTJOIN("", "", TRUE, FILTER(C27:L27, C37:L37 = MIN(C37:L37))), """"))"),"Carson") -> Carson
A37: Average Odds | C37: =IF(C30="","",IF(((IF(C30 <0,((-100/C30)+1),((C30/100)+1))+(IF(C24<0,((-100/C24)+1),((C24/100)+1)))*(C21+C22))/(C21+C22+1))<2,(-100/(((IF(C30 <0,((-100/C30)+1),((C30/100)+1))+(IF(C24<0,((-100/C24)+1),((C24/100)+1)))*(C21+C22))/(C21+C22+1))-1)),(((IF(C30 <0,((-100/C30)+1),((C30/100)+1))+(IF(C24<0,((-100/C24)+1),((C24/100)+1)))*(C21+C22))/(C21+C22+1))-1)*100)) -> -136.17764 | D37: =IF(D30="","",IF(((IF(D30 <0,((-100/D30)+1),((D30/100)+1))+(IF(D24<0,((-100/D24)+1),((D24/100)+1)))*(D21+D22))/(D21+D22+1))<2,(-100/(((IF(D30 <0,((-100/D30)+1),((D30/100)+1))+(IF(D24<0,((-100/D24)+1),((D24/100)+1)))*(D21+D22))/(D21+D22+1))-1)),(((IF(D30 <0,((-100/D30)+1),((D30/100)+1))+(IF(D24<0,((-100/D24)+1),((D24/100)+1)))*(D21+D22))/(D21+D22+1))-1)*100)) -> -152.52927 | E37: =IF(E30="","",IF(((IF(E30 <0,((-100/E30)+1),((E30/100)+1))+(IF(E24<0,((-100/E24)+1),((E24/100)+1)))*(E21+E22))/(E21+E22+1))<2,(-100/(((IF(E30 <0,((-100/E30)+1),((E30/100)+1))+(IF(E24<0,((-100/E24)+1),((E24/100)+1)))*(E21+E22))/(E21+E22+1))-1)),(((IF(E30 <0,((-100/E30)+1),((E30/100)+1))+(IF(E24<0,((-100/E24)+1),((E24/100)+1)))*(E21+E22))/(E21+E22+1))-1)*100)) -> -118.68465 | F37: =IF(F30="","",IF(((IF(F30 <0,((-100/F30)+1),((F30/100)+1))+(IF(F24<0,((-100/F24)+1),((F24/100)+1)))*(F21+F22))/(F21+F22+1))<2,(-100/(((IF(F30 <0,((-100/F30)+1),((F30/100)+1))+(IF(F24<0,((-100/F24)+1),((F24/100)+1)))*(F21+F22))/(F21+F22+1))-1)),(((IF(F30 <0,((-100/F30)+1),((F30/100)+1))+(IF(F24<0,((-100/F24)+1),((F24/100)+1)))*(F21+F22))/(F21+F22+1))-1)*100)) -> -115.57328 | G37: =IF(G30="","",IF(((IF(G30 <0,((-100/G30)+1),((G30/100)+1))+(IF(G24<0,((-100/G24)+1),((G24/100)+1)))*(G21+G22))/(G21+G22+1))<2,(-100/(((IF(G30 <0,((-100/G30)+1),((G30/100)+1))+(IF(G24<0,((-100/G24)+1),((G24/100)+1)))*(G21+G22))/(G21+G22+1))-1)),(((IF(G30 <0,((-100/G30)+1),((G30/100)+1))+(IF(G24<0,((-100/G24)+1),((G24/100)+1)))*(G21+G22))/(G21+G22+1))-1)*100)) -> 106.03003 | H37: =IF(H30="","",IF(((IF(H30 <0,((-100/H30)+1),((H30/100)+1))+(IF(H24<0,((-100/H24)+1),((H24/100)+1)))*(H21+H22))/(H21+H22+1))<2,(-100/(((IF(H30 <0,((-100/H30)+1),((H30/100)+1))+(IF(H24<0,((-100/H24)+1),((H24/100)+1)))*(H21+H22))/(H21+H22+1))-1)),(((IF(H30 <0,((-100/H30)+1),((H30/100)+1))+(IF(H24<0,((-100/H24)+1),((H24/100)+1)))*(H21+H22))/(H21+H22+1))-1)*100)) -> -102.18978 | I37: =IF(I30="","",IF(((IF(I30 <0,((-100/I30)+1),((I30/100)+1))+(IF(I24<0,((-100/I24)+1),((I24/100)+1)))*(I21+I22))/(I21+I22+1))<2,(-100/(((IF(I30 <0,((-100/I30)+1),((I30/100)+1))+(IF(I24<0,((-100/I24)+1),((I24/100)+1)))*(I21+I22))/(I21+I22+1))-1)),(((IF(I30 <0,((-100/I30)+1),((I30/100)+1))+(IF(I24<0,((-100/I24)+1),((I24/100)+1)))*(I21+I22))/(I21+I22+1))-1)*100)) -> -134.05985 | J37: =IF(J30="","",IF(((IF(J30 <0,((-100/J30)+1),((J30/100)+1))+(IF(J24<0,((-100/J24)+1),((J24/100)+1)))*(J21+J22))/(J21+J22+1))<2,(-100/(((IF(J30 <0,((-100/J30)+1),((J30/100)+1))+(IF(J24<0,((-100/J24)+1),((J24/100)+1)))*(J21+J22))/(J21+J22+1))-1)),(((IF(J30 <0,((-100/J30)+1),((J30/100)+1))+(IF(J24<0,((-100/J24)+1),((J24/100)+1)))*(J21+J22))/(J21+J22+1))-1)*100)) -> -137.60747 | ... L37: =IF(L30="","",IF(((IF(L30 <0,((-100/L30)+1),((L30/100)+1))+(IF(L24<0,((-100/L24)+1),((L24/100)+1)))*(L21+L22))/(L21+L22+1))<2,(-100/(((IF(L30 <0,((-100/L30)+1),((L30/100)+1))+(IF(L24<0,((-100/L24)+1),((L24/100)+1)))*(L21+L22))/(L21+L22+1))-1)),(((IF(L30 <0,((-100/L30)+1),((L30/100)+1))+(IF(L24<0,((-100/L24)+1),((L24/100)+1)))*(L21+L22))/(L21+L22+1))-1)*100)) -> -128.79335
